project	totalCases	success_passed	success_fail	exception_passed	exception_fail
6	27	18	1	8	0
6	27	19	0	8	0
6	27	18	1	8	0
6	27	18	1	8	0
6	27	18	1	8	0
6	27	18	1	8	0
6	27	18	1	8	0
6	27	18	1	8	0
6	27	18	1	8	0
6	27	18	1	8	0
6	27	18	1	8	0
6	27	18	1	8	0
6	27	18	1	8	0
6	27	17	2	8	0
6	27	18	1	8	0
6	27	18	1	8	0
6	27	18	1	8	0
6	27	18	1	8	0
6	27	18	1	8	0
6	27	19	0	8	0
6	27	17	2	8	0
6	27	18	1	8	0
6	27	18	1	8	0
6	27	18	1	8	0
6	27	17	2	8	0
6	27	18	1	8	0
6	27	18	1	8	0
6	27	17	2	8	0
6	27	17	2	8	0
6	27	18	1	8	0
Action	3	2	1	0	0
Action	3	2	1	0	0
Action	3	1	2	0	0
Action	3	2	1	0	0
Action	3	1	2	0	0
Action	3	1	2	0	0
Action	3	2	1	0	0
Action	3	2	1	0	0
Action	3	2	1	0	0
Action	3	2	1	0	0
Action	3	2	1	0	0
Action	3	2	1	0	0
Action	3	2	1	0	0
Action	3	2	1	0	0
Action	3	2	1	0	0
Action	3	2	1	0	0
Action	3	2	1	0	0
Action	3	2	1	0	0
Action	3	2	1	0	0
Action	3	2	1	0	0
Action	3	2	1	0	0
Action	3	2	1	0	0
Action	3	2	1	0	0
Action	3	2	1	0	0
Action	3	2	1	0	0
Action	3	2	1	0	0
Action	3	2	1	0	0
Action	3	2	1	0	0
Action	3	2	1	0	0
Action	3	2	1	0	0
EIP712	8	8	0	0	0
EIP712	8	8	0	0	0
EIP712	8	8	0	0	0
EIP712	8	8	0	0	0
EIP712	8	8	0	0	0
EIP712	8	8	0	0	0
EIP712	8	8	0	0	0
EIP712	8	8	0	0	0
EIP712	8	8	0	0	0
EIP712	8	8	0	0	0
EIP712	8	8	0	0	0
EIP712	8	8	0	0	0
EIP712	8	8	0	0	0
EIP712	8	8	0	0	0
EIP712	8	8	0	0	0
EIP712	8	8	0	0	0
EIP712	8	8	0	0	0
EIP712	8	8	0	0	0
EIP712	8	8	0	0	0
EIP712	8	8	0	0	0
EIP712	8	8	0	0	0
EIP712	8	8	0	0	0
EIP712	8	8	0	0	0
EIP712	8	8	0	0	0
EIP712	8	8	0	0	0
EIP712	8	8	0	0	0
EIP712	8	8	0	0	0
EIP712	8	8	0	0	0
EIP712	8	8	0	0	0
EIP712	8	8	0	0	0
ERC165	6	6	0	0	0
ERC165	6	6	0	0	0
ERC165	6	6	0	0	0
ERC165	6	6	0	0	0
ERC165	6	6	0	0	0
ERC165	6	6	0	0	0
ERC165	6	6	0	0	0
ERC165	6	6	0	0	0
ERC165	6	6	0	0	0
ERC165	6	6	0	0	0
ERC165	6	6	0	0	0
ERC165	6	6	0	0	0
ERC165	6	6	0	0	0
ERC165	6	6	0	0	0
ERC165	6	6	0	0	0
ERC165	6	6	0	0	0
ERC165	6	6	0	0	0
ERC165	6	6	0	0	0
ERC165	6	6	0	0	0
ERC165	6	6	0	0	0
ERC165	6	6	0	0	0
ERC165	6	6	0	0	0
ERC165	6	6	0	0	0
ERC165	6	6	0	0	0
ERC165	6	6	0	0	0
ERC165	6	6	0	0	0
ERC165	6	6	0	0	0
ERC165	6	6	0	0	0
ERC165	6	6	0	0	0
ERC165	6	6	0	0	0
MarketSample	6	3	2	1	0
MarketSample	6	3	2	1	0
MarketSample	6	3	2	1	0
MarketSample	6	3	2	1	0
MarketSample	6	3	2	1	0
MarketSample	6	3	2	1	0
MarketSample	6	3	2	1	0
MarketSample	6	3	2	1	0
MarketSample	6	3	2	1	0
MarketSample	6	3	2	1	0
MarketSample	6	3	2	1	0
MarketSample	6	3	2	1	0
MarketSample	6	3	2	1	0
MarketSample	6	3	2	1	0
MarketSample	6	3	2	1	0
MarketSample	6	3	2	1	0
MarketSample	6	3	2	1	0
MarketSample	6	3	2	1	0
MarketSample	6	3	2	1	0
MarketSample	6	3	2	1	0
MarketSample	6	3	2	1	0
MarketSample	6	3	2	1	0
MarketSample	6	3	2	1	0
MarketSample	6	3	2	1	0
MarketSample	6	3	2	1	0
MarketSample	6	3	2	1	0
MarketSample	6	3	2	1	0
MarketSample	6	3	2	1	0
MarketSample	6	3	2	1	0
MarketSample	6	3	2	1	0
MembershipVerificationToken	35	14	5	15	1
MembershipVerificationToken	35	14	5	15	1
MembershipVerificationToken	35	14	5	15	1
MembershipVerificationToken	35	14	5	15	1
MembershipVerificationToken	35	14	5	15	1
MembershipVerificationToken	35	14	5	15	1
MembershipVerificationToken	35	14	5	15	1
MembershipVerificationToken	35	14	5	15	1
MembershipVerificationToken	35	14	5	15	1
MembershipVerificationToken	35	14	5	15	1
MembershipVerificationToken	35	14	5	15	1
MembershipVerificationToken	35	14	5	15	1
MembershipVerificationToken	35	14	5	15	1
MembershipVerificationToken	35	14	5	15	1
MembershipVerificationToken	35	14	5	15	1
MembershipVerificationToken	35	14	5	15	1
MembershipVerificationToken	35	14	5	15	1
MembershipVerificationToken	35	14	5	15	1
MembershipVerificationToken	35	14	5	15	1
MembershipVerificationToken	35	14	5	15	1
MembershipVerificationToken	35	14	5	15	1
MembershipVerificationToken	35	14	5	15	1
MembershipVerificationToken	35	14	5	15	1
MembershipVerificationToken	35	14	5	15	1
MembershipVerificationToken	35	14	5	15	1
MembershipVerificationToken	35	14	5	15	1
MembershipVerificationToken	35	14	5	15	1
MembershipVerificationToken	35	14	5	15	1
MembershipVerificationToken	35	14	5	15	1
MembershipVerificationToken	35	14	5	15	1
MetaTransactions	11	9	2	0	0
MetaTransactions	11	9	2	0	0
MetaTransactions	11	9	2	0	0
MetaTransactions	11	9	2	0	0
MetaTransactions	11	9	2	0	0
MetaTransactions	11	9	2	0	0
MetaTransactions	11	9	2	0	0
MetaTransactions	11	9	2	0	0
MetaTransactions	11	9	2	0	0
MetaTransactions	11	9	2	0	0
MetaTransactions	11	9	2	0	0
MetaTransactions	11	9	2	0	0
MetaTransactions	11	9	2	0	0
MetaTransactions	11	9	2	0	0
MetaTransactions	11	9	2	0	0
MetaTransactions	11	9	2	0	0
MetaTransactions	11	9	2	0	0
MetaTransactions	11	9	2	0	0
MetaTransactions	11	9	2	0	0
MetaTransactions	11	9	2	0	0
MetaTransactions	11	9	2	0	0
MetaTransactions	11	9	2	0	0
MetaTransactions	11	9	2	0	0
MetaTransactions	11	9	2	0	0
MetaTransactions	11	9	2	0	0
MetaTransactions	11	9	2	0	0
MetaTransactions	11	9	2	0	0
MetaTransactions	11	9	2	0	0
MetaTransactions	11	9	2	0	0
MetaTransactions	11	9	2	0	0
SimpleCoin	12	8	1	3	0
SimpleCoin	12	8	1	3	0
SimpleCoin	12	9	0	3	0
SimpleCoin	12	8	1	3	0
SimpleCoin	12	8	1	3	0
SimpleCoin	12	8	1	3	0
SimpleCoin	12	9	0	3	0
SimpleCoin	12	8	1	3	0
SimpleCoin	12	8	1	3	0
SimpleCoin	12	8	1	3	0
SimpleCoin	12	8	1	3	0
SimpleCoin	12	9	0	3	0
SimpleCoin	12	8	1	3	0
SimpleCoin	12	8	1	3	0
SimpleCoin	12	8	1	3	0
SimpleCoin	12	9	0	3	0
SimpleCoin	12	8	1	3	0
SimpleCoin	12	8	1	3	0
SimpleCoin	12	8	1	3	0
SimpleCoin	12	8	1	3	0
SimpleCoin	12	8	1	3	0
SimpleCoin	12	9	0	3	0
SimpleCoin	12	7	2	3	0
SimpleCoin	12	7	2	3	0
SimpleCoin	12	9	0	3	0
SimpleCoin	12	8	1	3	0
SimpleCoin	12	8	1	3	0
SimpleCoin	12	8	1	3	0
SimpleCoin	12	8	1	3	0
SimpleCoin	12	8	1	3	0
Solidity-RLP	33	19	8	6	0
Solidity-RLP	33	19	8	6	0
Solidity-RLP	33	19	8	6	0
Solidity-RLP	33	19	8	6	0
Solidity-RLP	33	20	7	6	0
Solidity-RLP	33	20	7	6	0
Solidity-RLP	33	19	8	6	0
Solidity-RLP	33	19	8	6	0
Solidity-RLP	33	19	8	6	0
Solidity-RLP	33	19	8	6	0
Solidity-RLP	33	20	7	6	0
Solidity-RLP	33	19	8	6	0
Solidity-RLP	33	19	8	6	0
Solidity-RLP	33	19	8	6	0
Solidity-RLP	33	19	8	6	0
Solidity-RLP	33	20	7	6	0
Solidity-RLP	33	19	8	6	0
Solidity-RLP	33	19	8	6	0
Solidity-RLP	33	19	8	6	0
Solidity-RLP	33	21	6	6	0
Solidity-RLP	33	19	8	6	0
Solidity-RLP	33	20	7	6	0
Solidity-RLP	33	20	7	6	0
Solidity-RLP	33	20	7	6	0
Solidity-RLP	33	19	8	6	0
Solidity-RLP	33	19	8	6	0
Solidity-RLP	33	20	7	6	0
Solidity-RLP	33	20	7	6	0
Solidity-RLP	33	20	7	6	0
Solidity-RLP	33	19	8	6	0
actus-solidity	200	170	16	14	0
actus-solidity	200	169	17	14	0
actus-solidity	200	169	17	14	0
actus-solidity	200	169	17	14	0
actus-solidity	200	169	17	14	0
actus-solidity	200	171	15	13	1
actus-solidity	200	169	17	14	0
actus-solidity	200	169	17	14	0
actus-solidity	200	169	17	14	0
actus-solidity	200	167	19	14	0
actus-solidity	200	171	15	14	0
actus-solidity	200	169	17	14	0
actus-solidity	200	170	16	14	0
actus-solidity	200	167	19	14	0
actus-solidity	200	168	18	14	0
actus-solidity	200	169	17	14	0
actus-solidity	200	167	19	14	0
actus-solidity	200	168	18	14	0
actus-solidity	200	167	19	14	0
actus-solidity	200	168	18	14	0
actus-solidity	200	170	16	14	0
actus-solidity	200	170	16	14	0
actus-solidity	200	172	14	14	0
actus-solidity	200	169	17	14	0
actus-solidity	200	170	16	14	0
actus-solidity	200	170	16	14	0
actus-solidity	200	168	18	14	0
actus-solidity	200	169	17	14	0
actus-solidity	200	169	17	14	0
actus-solidity	200	169	17	14	0
aiakos-contracts	25	9	8	8	0
aiakos-contracts	25	9	8	8	0
aiakos-contracts	25	9	8	8	0
aiakos-contracts	25	9	8	8	0
aiakos-contracts	25	9	8	8	0
aiakos-contracts	25	9	8	8	0
aiakos-contracts	25	9	8	8	0
aiakos-contracts	25	9	8	8	0
aiakos-contracts	25	9	8	8	0
aiakos-contracts	25	9	8	8	0
aiakos-contracts	25	9	8	8	0
aiakos-contracts	25	9	8	8	0
aiakos-contracts	25	9	8	8	0
aiakos-contracts	25	9	8	8	0
aiakos-contracts	25	9	8	8	0
aiakos-contracts	25	9	8	8	0
aiakos-contracts	25	9	8	8	0
aiakos-contracts	25	9	8	8	0
aiakos-contracts	25	9	8	8	0
aiakos-contracts	25	9	8	8	0
aiakos-contracts	25	9	8	8	0
aiakos-contracts	25	9	8	8	0
aiakos-contracts	25	9	8	8	0
aiakos-contracts	25	9	8	8	0
aiakos-contracts	25	9	8	8	0
aiakos-contracts	25	9	8	8	0
aiakos-contracts	25	9	8	8	0
aiakos-contracts	25	9	8	8	0
aiakos-contracts	25	9	8	8	0
aiakos-contracts	25	9	8	8	0
button	29	11	8	10	0
button	29	11	8	10	0
button	29	5	14	10	0
button	29	10	9	10	0
button	29	11	8	10	0
button	29	5	14	10	0
button	29	10	9	10	0
button	29	11	8	10	0
button	29	10	9	10	0
button	29	10	9	10	0
button	29	10	9	10	0
button	29	12	7	10	0
button	29	11	8	10	0
button	29	11	8	10	0
button	29	11	8	10	0
button	29	12	7	10	0
button	29	12	7	10	0
button	29	12	7	10	0
button	29	10	9	10	0
button	29	11	8	10	0
button	29	10	9	10	0
button	29	11	8	10	0
button	29	11	8	10	0
button	29	12	7	10	0
button	29	12	7	10	0
button	29	9	10	10	0
button	29	8	11	10	0
button	29	5	14	10	0
button	29	9	10	10	0
button	29	11	8	10	0
crowdsale	7	2	1	4	0
crowdsale	7	2	1	4	0
crowdsale	7	2	1	4	0
crowdsale	7	2	1	4	0
crowdsale	7	2	1	4	0
crowdsale	7	2	1	4	0
crowdsale	7	2	1	4	0
crowdsale	7	2	1	4	0
crowdsale	7	2	1	4	0
crowdsale	7	2	1	4	0
crowdsale	7	3	0	4	0
crowdsale	7	2	1	4	0
crowdsale	7	2	1	4	0
crowdsale	7	2	1	4	0
crowdsale	7	2	1	4	0
crowdsale	7	2	1	4	0
crowdsale	7	2	1	4	0
crowdsale	7	2	1	4	0
crowdsale	7	2	1	4	0
crowdsale	7	3	0	4	0
crowdsale	7	2	1	4	0
crowdsale	7	2	1	4	0
crowdsale	7	2	1	4	0
crowdsale	7	2	1	4	0
crowdsale	7	2	1	4	0
crowdsale	7	2	1	4	0
crowdsale	7	2	1	4	0
crowdsale	7	3	0	4	0
crowdsale	7	2	1	4	0
crowdsale	7	2	1	4	0
curve-bonded-tokens	122	36	18	60	8
curve-bonded-tokens	122	35	19	60	8
curve-bonded-tokens	122	35	19	60	8
curve-bonded-tokens	122	36	18	60	8
curve-bonded-tokens	122	35	19	60	8
curve-bonded-tokens	122	35	19	60	8
curve-bonded-tokens	122	35	19	60	8
curve-bonded-tokens	122	36	18	60	8
curve-bonded-tokens	122	35	19	60	8
curve-bonded-tokens	122	36	18	60	8
curve-bonded-tokens	122	36	18	60	8
curve-bonded-tokens	122	36	18	60	8
curve-bonded-tokens	122	37	17	60	8
curve-bonded-tokens	122	35	19	60	8
curve-bonded-tokens	122	35	19	60	8
curve-bonded-tokens	122	35	19	60	8
curve-bonded-tokens	122	35	19	60	8
curve-bonded-tokens	122	35	19	60	8
curve-bonded-tokens	122	36	18	60	8
curve-bonded-tokens	122	35	19	60	8
curve-bonded-tokens	122	35	19	60	8
curve-bonded-tokens	122	37	17	60	8
curve-bonded-tokens	122	35	19	60	8
curve-bonded-tokens	122	36	18	60	8
curve-bonded-tokens	122	35	19	60	8
curve-bonded-tokens	122	35	19	60	8
curve-bonded-tokens	122	35	19	60	8
curve-bonded-tokens	122	35	19	60	8
curve-bonded-tokens	122	37	17	60	8
curve-bonded-tokens	122	35	19	60	8
debug-solidity	10	8	2	0	0
debug-solidity	10	8	2	0	0
debug-solidity	10	8	2	0	0
debug-solidity	10	8	2	0	0
debug-solidity	10	8	2	0	0
debug-solidity	10	8	2	0	0
debug-solidity	10	8	2	0	0
debug-solidity	10	8	2	0	0
debug-solidity	10	8	2	0	0
debug-solidity	10	8	2	0	0
debug-solidity	10	8	2	0	0
debug-solidity	10	8	2	0	0
debug-solidity	10	8	2	0	0
debug-solidity	10	8	2	0	0
debug-solidity	10	8	2	0	0
debug-solidity	10	8	2	0	0
debug-solidity	10	8	2	0	0
debug-solidity	10	8	2	0	0
debug-solidity	10	8	2	0	0
debug-solidity	10	8	2	0	0
debug-solidity	10	8	2	0	0
debug-solidity	10	8	2	0	0
debug-solidity	10	8	2	0	0
debug-solidity	10	8	2	0	0
debug-solidity	10	8	2	0	0
debug-solidity	10	8	2	0	0
debug-solidity	10	8	2	0	0
debug-solidity	10	8	2	0	0
debug-solidity	10	8	2	0	0
debug-solidity	10	8	2	0	0
equilibrium-bonding-curve	48	23	16	7	2
equilibrium-bonding-curve	48	22	17	7	2
equilibrium-bonding-curve	48	21	18	7	2
equilibrium-bonding-curve	48	22	17	7	2
equilibrium-bonding-curve	48	22	17	7	2
equilibrium-bonding-curve	48	21	18	7	2
equilibrium-bonding-curve	48	22	17	7	2
equilibrium-bonding-curve	48	21	18	7	2
equilibrium-bonding-curve	48	21	18	7	2
equilibrium-bonding-curve	48	22	17	7	2
equilibrium-bonding-curve	48	23	16	7	2
equilibrium-bonding-curve	48	21	18	7	2
equilibrium-bonding-curve	48	21	18	7	2
equilibrium-bonding-curve	48	23	16	7	2
equilibrium-bonding-curve	48	22	17	7	2
equilibrium-bonding-curve	48	21	18	7	2
equilibrium-bonding-curve	48	22	17	7	2
equilibrium-bonding-curve	48	21	18	7	2
equilibrium-bonding-curve	48	21	18	7	2
equilibrium-bonding-curve	48	21	18	7	2
equilibrium-bonding-curve	48	23	16	7	2
equilibrium-bonding-curve	48	21	18	7	2
equilibrium-bonding-curve	48	21	18	7	2
equilibrium-bonding-curve	48	21	18	7	2
equilibrium-bonding-curve	48	23	16	7	2
equilibrium-bonding-curve	48	21	18	7	2
equilibrium-bonding-curve	48	22	17	7	2
equilibrium-bonding-curve	48	22	17	7	2
equilibrium-bonding-curve	48	23	16	7	2
equilibrium-bonding-curve	48	21	18	7	2
final-project-hav-noms	0	0	0	0	0
final-project-hav-noms	0	0	0	0	0
final-project-hav-noms	0	0	0	0	0
final-project-hav-noms	0	0	0	0	0
final-project-hav-noms	0	0	0	0	0
final-project-hav-noms	0	0	0	0	0
final-project-hav-noms	0	0	0	0	0
final-project-hav-noms	0	0	0	0	0
final-project-hav-noms	0	0	0	0	0
final-project-hav-noms	0	0	0	0	0
final-project-hav-noms	0	0	0	0	0
final-project-hav-noms	0	0	0	0	0
final-project-hav-noms	0	0	0	0	0
final-project-hav-noms	0	0	0	0	0
final-project-hav-noms	0	0	0	0	0
final-project-hav-noms	0	0	0	0	0
final-project-hav-noms	0	0	0	0	0
final-project-hav-noms	0	0	0	0	0
final-project-hav-noms	0	0	0	0	0
final-project-hav-noms	0	0	0	0	0
final-project-hav-noms	0	0	0	0	0
final-project-hav-noms	0	0	0	0	0
final-project-hav-noms	0	0	0	0	0
final-project-hav-noms	0	0	0	0	0
final-project-hav-noms	0	0	0	0	0
final-project-hav-noms	0	0	0	0	0
final-project-hav-noms	0	0	0	0	0
final-project-hav-noms	0	0	0	0	0
final-project-hav-noms	0	0	0	0	0
final-project-hav-noms	0	0	0	0	0
golem-contracts	110	42	27	35	6
golem-contracts	110	41	28	35	6
golem-contracts	110	41	28	35	6
golem-contracts	110	41	28	35	6
golem-contracts	110	41	28	35	6
golem-contracts	110	41	28	35	6
golem-contracts	110	41	28	35	6
golem-contracts	110	41	28	35	6
golem-contracts	110	41	28	35	6
golem-contracts	110	42	27	35	6
golem-contracts	110	41	28	35	6
golem-contracts	110	41	28	35	6
golem-contracts	110	42	27	35	6
golem-contracts	110	41	28	35	6
golem-contracts	110	41	28	35	6
golem-contracts	110	41	28	35	6
golem-contracts	110	41	28	35	6
golem-contracts	110	41	28	35	6
golem-contracts	110	41	28	35	6
golem-contracts	110	41	28	35	6
golem-contracts	110	41	28	35	6
golem-contracts	110	41	28	35	6
golem-contracts	110	42	27	35	6
golem-contracts	110	41	28	35	6
golem-contracts	110	41	28	35	6
golem-contracts	110	41	28	35	6
golem-contracts	110	41	28	35	6
golem-contracts	110	42	27	35	6
golem-contracts	110	41	28	35	6
golem-contracts	110	41	28	35	6
harberger-ads-contracts	17	6	10	1	0
harberger-ads-contracts	17	6	10	1	0
harberger-ads-contracts	17	6	10	1	0
harberger-ads-contracts	17	6	10	1	0
harberger-ads-contracts	17	6	10	1	0
harberger-ads-contracts	17	6	10	1	0
harberger-ads-contracts	17	6	10	1	0
harberger-ads-contracts	17	6	10	1	0
harberger-ads-contracts	17	6	10	1	0
harberger-ads-contracts	17	6	10	1	0
harberger-ads-contracts	17	6	10	1	0
harberger-ads-contracts	17	6	10	1	0
harberger-ads-contracts	17	6	10	1	0
harberger-ads-contracts	17	6	10	1	0
harberger-ads-contracts	17	6	10	1	0
harberger-ads-contracts	17	6	10	1	0
harberger-ads-contracts	17	6	10	1	0
harberger-ads-contracts	17	6	10	1	0
harberger-ads-contracts	17	6	10	1	0
harberger-ads-contracts	17	6	10	1	0
harberger-ads-contracts	17	6	10	1	0
harberger-ads-contracts	17	6	10	1	0
harberger-ads-contracts	17	6	10	1	0
harberger-ads-contracts	17	6	10	1	0
harberger-ads-contracts	17	6	10	1	0
harberger-ads-contracts	17	6	10	1	0
harberger-ads-contracts	17	6	10	1	0
harberger-ads-contracts	17	6	10	1	0
harberger-ads-contracts	17	6	10	1	0
harberger-ads-contracts	17	6	10	1	0
king	29	11	8	10	0
king	29	12	7	10	0
king	29	11	8	10	0
king	29	12	7	10	0
king	29	11	8	10	0
king	29	6	13	10	0
king	29	11	8	10	0
king	29	11	8	10	0
king	29	12	7	10	0
king	29	8	11	10	0
king	29	11	8	10	0
king	29	11	8	10	0
king	29	13	6	10	0
king	29	11	8	10	0
king	29	11	8	10	0
king	29	12	7	10	0
king	29	10	9	10	0
king	29	7	12	10	0
king	29	11	8	10	0
king	29	11	8	10	0
king	29	10	9	10	0
king	29	11	8	10	0
king	29	11	8	10	0
king	29	11	8	10	0
king	29	11	8	10	0
king	29	11	8	10	0
king	29	12	7	10	0
king	29	10	9	10	0
king	29	10	9	10	0
king	29	11	8	10	0
left-gallery-token	63	24	20	17	2
left-gallery-token	63	24	20	17	2
left-gallery-token	63	24	20	17	2
left-gallery-token	63	24	20	17	2
left-gallery-token	63	24	20	17	2
left-gallery-token	63	24	20	17	2
left-gallery-token	63	23	21	17	2
left-gallery-token	63	24	20	17	2
left-gallery-token	63	24	20	17	2
left-gallery-token	63	24	20	17	2
left-gallery-token	63	24	20	17	2
left-gallery-token	63	24	20	17	2
left-gallery-token	63	24	20	17	2
left-gallery-token	63	24	20	17	2
left-gallery-token	63	24	20	17	2
left-gallery-token	63	24	20	17	2
left-gallery-token	63	24	20	17	2
left-gallery-token	63	24	20	17	2
left-gallery-token	63	24	20	17	2
left-gallery-token	63	24	20	17	2
left-gallery-token	63	24	20	17	2
left-gallery-token	63	24	20	17	2
left-gallery-token	63	24	20	17	2
left-gallery-token	63	24	20	17	2
left-gallery-token	63	24	20	17	2
left-gallery-token	63	24	20	17	2
left-gallery-token	63	24	20	17	2
left-gallery-token	63	24	20	17	2
left-gallery-token	63	24	20	17	2
left-gallery-token	63	24	20	17	2
liquid	47	15	16	8	8
liquid	47	13	18	9	7
liquid	47	14	17	8	8
liquid	47	12	19	8	8
liquid	47	13	18	8	8
liquid	47	14	17	8	8
liquid	47	15	16	8	8
liquid	47	13	18	9	7
liquid	47	13	18	8	8
liquid	47	13	18	8	8
liquid	47	14	17	9	7
liquid	47	15	16	8	8
liquid	47	13	18	8	8
liquid	47	14	17	9	7
liquid	47	14	17	9	7
liquid	47	16	15	8	8
liquid	47	14	17	8	8
liquid	47	13	18	8	8
liquid	47	13	18	9	7
liquid	47	13	18	9	7
liquid	47	14	17	9	7
liquid	47	13	18	9	7
liquid	47	14	17	9	7
liquid	47	14	17	9	7
liquid	47	14	17	8	8
liquid	47	14	17	8	8
liquid	47	15	16	8	8
liquid	47	13	18	9	7
liquid	47	14	17	8	8
liquid	47	13	18	8	8
minime	34	9	12	13	0
minime	34	9	12	13	0
minime	34	9	12	13	0
minime	34	9	12	13	0
minime	34	9	12	13	0
minime	34	9	12	13	0
minime	34	9	12	13	0
minime	34	9	12	13	0
minime	34	9	12	13	0
minime	34	9	12	13	0
minime	34	9	12	13	0
minime	34	9	12	13	0
minime	34	9	12	13	0
minime	34	10	11	13	0
minime	34	9	12	13	0
minime	34	9	12	13	0
minime	34	9	12	13	0
minime	34	9	12	13	0
minime	34	9	12	13	0
minime	34	9	12	13	0
minime	34	9	12	13	0
minime	34	9	12	13	0
minime	34	9	12	13	0
minime	34	9	12	13	0
minime	34	9	12	13	0
minime	34	9	12	13	0
minime	34	9	12	13	0
minime	34	9	12	13	0
minime	34	9	12	13	0
minime	34	9	12	13	0
mvp	7	2	2	3	0
mvp	7	2	2	3	0
mvp	7	2	2	3	0
mvp	7	2	2	3	0
mvp	7	2	2	3	0
mvp	7	2	2	3	0
mvp	7	2	2	3	0
mvp	7	2	2	3	0
mvp	7	2	2	3	0
mvp	7	2	2	3	0
mvp	7	2	2	3	0
mvp	7	2	2	3	0
mvp	7	2	2	3	0
mvp	7	2	2	3	0
mvp	7	2	2	3	0
mvp	7	2	2	3	0
mvp	7	2	2	3	0
mvp	7	2	2	3	0
mvp	7	2	2	3	0
mvp	7	2	2	3	0
mvp	7	2	2	3	0
mvp	7	2	2	3	0
mvp	7	2	2	3	0
mvp	7	2	2	3	0
mvp	7	2	2	3	0
mvp	7	2	2	3	0
mvp	7	2	2	3	0
mvp	7	2	2	3	0
mvp	7	2	2	3	0
mvp	7	2	2	3	0
noia-token	51	16	16	18	1
noia-token	51	16	16	18	1
noia-token	51	16	16	18	1
noia-token	51	16	16	17	2
noia-token	51	16	16	18	1
noia-token	51	16	16	17	2
noia-token	51	17	15	18	1
noia-token	51	16	16	18	1
noia-token	51	16	16	18	1
noia-token	51	16	16	18	1
noia-token	51	16	16	18	1
noia-token	51	16	16	18	1
noia-token	51	16	16	18	1
noia-token	51	16	16	18	1
noia-token	51	16	16	18	1
noia-token	51	16	16	18	1
noia-token	51	16	16	18	1
noia-token	51	16	16	18	1
noia-token	51	16	16	18	1
noia-token	51	16	16	18	1
noia-token	51	16	16	18	1
noia-token	51	16	16	17	2
noia-token	51	16	16	18	1
noia-token	51	16	16	18	1
noia-token	51	17	15	17	2
noia-token	51	16	16	18	1
noia-token	51	16	16	18	1
noia-token	51	16	16	18	1
noia-token	51	16	16	18	1
noia-token	51	16	16	18	1
ponyBadges	30	12	8	10	0
ponyBadges	30	12	8	10	0
ponyBadges	30	12	8	10	0
ponyBadges	30	12	8	10	0
ponyBadges	30	6	14	10	0
ponyBadges	30	6	14	10	0
ponyBadges	30	12	8	10	0
ponyBadges	30	11	9	10	0
ponyBadges	30	11	9	10	0
ponyBadges	30	12	8	10	0
ponyBadges	30	12	8	10	0
ponyBadges	30	6	14	10	0
ponyBadges	30	12	8	10	0
ponyBadges	30	11	9	10	0
ponyBadges	30	9	11	10	0
ponyBadges	30	11	9	10	0
ponyBadges	30	11	9	10	0
ponyBadges	30	8	12	10	0
ponyBadges	30	11	9	10	0
ponyBadges	30	12	8	10	0
ponyBadges	30	12	8	10	0
ponyBadges	30	9	11	10	0
ponyBadges	30	6	14	10	0
ponyBadges	30	11	9	10	0
ponyBadges	30	12	8	10	0
ponyBadges	30	11	9	10	0
ponyBadges	30	6	14	10	0
ponyBadges	30	9	11	10	0
ponyBadges	30	9	11	10	0
ponyBadges	30	8	12	10	0
real-estate-marketplace	183	73	94	16	0
real-estate-marketplace	183	71	96	16	0
real-estate-marketplace	183	71	96	16	0
real-estate-marketplace	183	73	94	16	0
real-estate-marketplace	183	73	94	16	0
real-estate-marketplace	183	72	95	16	0
real-estate-marketplace	183	71	96	16	0
real-estate-marketplace	183	73	94	16	0
real-estate-marketplace	183	71	96	16	0
real-estate-marketplace	183	72	95	16	0
real-estate-marketplace	183	74	93	16	0
real-estate-marketplace	183	74	93	16	0
real-estate-marketplace	183	72	95	16	0
real-estate-marketplace	183	73	94	16	0
real-estate-marketplace	183	72	95	16	0
real-estate-marketplace	183	73	94	16	0
real-estate-marketplace	183	73	94	16	0
real-estate-marketplace	183	73	94	16	0
real-estate-marketplace	183	73	94	16	0
real-estate-marketplace	183	73	94	16	0
real-estate-marketplace	183	71	96	16	0
real-estate-marketplace	183	72	95	16	0
real-estate-marketplace	183	74	93	16	0
real-estate-marketplace	183	74	93	16	0
real-estate-marketplace	183	73	94	16	0
real-estate-marketplace	183	71	96	16	0
real-estate-marketplace	183	72	95	16	0
real-estate-marketplace	183	71	96	16	0
real-estate-marketplace	183	73	94	16	0
real-estate-marketplace	183	73	94	16	0
secretstore-acl	4	2	1	1	0
secretstore-acl	4	2	1	1	0
secretstore-acl	4	2	1	1	0
secretstore-acl	4	2	1	1	0
secretstore-acl	4	2	1	1	0
secretstore-acl	4	2	1	1	0
secretstore-acl	4	2	1	1	0
secretstore-acl	4	2	1	1	0
secretstore-acl	4	2	1	1	0
secretstore-acl	4	2	1	1	0
secretstore-acl	4	2	1	1	0
secretstore-acl	4	2	1	1	0
secretstore-acl	4	2	1	1	0
secretstore-acl	4	2	1	1	0
secretstore-acl	4	2	1	1	0
secretstore-acl	4	2	1	1	0
secretstore-acl	4	2	1	1	0
secretstore-acl	4	2	1	1	0
secretstore-acl	4	2	1	1	0
secretstore-acl	4	2	1	1	0
secretstore-acl	4	2	1	1	0
secretstore-acl	4	2	1	1	0
secretstore-acl	4	2	1	1	0
secretstore-acl	4	2	1	1	0
secretstore-acl	4	2	1	1	0
secretstore-acl	4	2	1	1	0
secretstore-acl	4	2	1	1	0
secretstore-acl	4	2	1	1	0
secretstore-acl	4	2	1	1	0
secretstore-acl	4	2	1	1	0
securities	76	1	28	38	9
securities	76	2	27	41	6
securities	74	2	25	37	10
securities	76	1	28	38	9
securities	76	2	27	44	3
securities	76	2	27	41	6
securities	76	1	28	40	7
securities	76	1	28	37	10
securities	76	2	27	37	10
securities	76	1	28	33	14
securities	76	1	28	39	8
securities	76	2	27	44	3
securities	76	2	27	39	8
securities	76	1	28	40	7
securities	76	1	28	36	11
securities	76	2	27	41	6
securities	76	1	28	39	8
securities	76	4	25	38	9
securities	74	3	24	39	8
securities	76	1	28	38	9
securities	76	1	28	41	6
securities	76	2	27	39	8
securities	76	3	26	43	4
securities	76	1	28	39	8
securities	76	3	26	41	6
securities	76	2	27	40	7
securities	76	1	28	37	10
securities	76	2	27	38	9
securities	76	2	27	40	7
securities	76	2	27	42	5
simple-shared-wallet	52	21	5	26	0
simple-shared-wallet	52	21	5	26	0
simple-shared-wallet	52	21	5	26	0
simple-shared-wallet	52	21	5	26	0
simple-shared-wallet	52	21	5	26	0
simple-shared-wallet	52	21	5	26	0
simple-shared-wallet	52	21	5	26	0
simple-shared-wallet	52	21	5	26	0
simple-shared-wallet	52	21	5	26	0
simple-shared-wallet	52	21	5	26	0
simple-shared-wallet	52	21	5	26	0
simple-shared-wallet	52	21	5	26	0
simple-shared-wallet	52	21	5	26	0
simple-shared-wallet	52	21	5	26	0
simple-shared-wallet	52	21	5	26	0
simple-shared-wallet	52	21	5	26	0
simple-shared-wallet	52	21	5	26	0
simple-shared-wallet	52	21	5	26	0
simple-shared-wallet	52	21	5	26	0
simple-shared-wallet	52	21	5	26	0
simple-shared-wallet	52	21	5	26	0
simple-shared-wallet	52	21	5	26	0
simple-shared-wallet	52	21	5	26	0
simple-shared-wallet	52	20	6	26	0
simple-shared-wallet	52	20	6	26	0
simple-shared-wallet	52	21	5	26	0
simple-shared-wallet	52	21	5	26	0
simple-shared-wallet	52	21	5	26	0
simple-shared-wallet	52	21	5	26	0
simple-shared-wallet	52	21	5	26	0
solidity-sigutils	8	7	1	0	0
solidity-sigutils	8	7	1	0	0
solidity-sigutils	8	7	1	0	0
solidity-sigutils	8	7	1	0	0
solidity-sigutils	8	7	1	0	0
solidity-sigutils	8	7	1	0	0
solidity-sigutils	8	7	1	0	0
solidity-sigutils	8	7	1	0	0
solidity-sigutils	8	7	1	0	0
solidity-sigutils	8	7	1	0	0
solidity-sigutils	8	7	1	0	0
solidity-sigutils	8	7	1	0	0
solidity-sigutils	8	6	2	0	0
solidity-sigutils	8	7	1	0	0
solidity-sigutils	8	7	1	0	0
solidity-sigutils	8	7	1	0	0
solidity-sigutils	8	7	1	0	0
solidity-sigutils	8	7	1	0	0
solidity-sigutils	8	7	1	0	0
solidity-sigutils	8	7	1	0	0
solidity-sigutils	8	6	2	0	0
solidity-sigutils	8	7	1	0	0
solidity-sigutils	8	7	1	0	0
solidity-sigutils	8	7	1	0	0
solidity-sigutils	8	7	1	0	0
solidity-sigutils	8	7	1	0	0
solidity-sigutils	8	7	1	0	0
solidity-sigutils	8	7	1	0	0
solidity-sigutils	8	7	1	0	0
solidity-sigutils	8	7	1	0	0
splitter	28	14	1	12	1
splitter	28	14	1	12	1
splitter	28	14	1	12	1
splitter	28	14	1	12	1
splitter	28	14	1	12	1
splitter	28	14	1	12	1
splitter	28	14	1	12	1
splitter	28	14	1	12	1
splitter	28	14	1	12	1
splitter	28	14	1	12	1
splitter	28	14	1	12	1
splitter	28	14	1	12	1
splitter	28	14	1	12	1
splitter	28	14	1	12	1
splitter	28	14	1	12	1
splitter	28	14	1	12	1
splitter	28	14	1	12	1
splitter	28	14	1	12	1
splitter	28	14	1	12	1
splitter	28	14	1	12	1
splitter	28	14	1	12	1
splitter	28	14	1	12	1
splitter	28	14	1	12	1
splitter	28	14	1	12	1
splitter	28	14	1	12	1
splitter	28	14	1	12	1
splitter	28	14	1	12	1
splitter	28	14	1	12	1
splitter	28	14	1	12	1
splitter	28	14	1	12	1
swaps	35	12	15	2	6
swaps	35	13	14	2	6
swaps	35	12	15	1	7
swaps	35	12	15	2	6
swaps	35	12	15	1	7
swaps	35	14	13	2	6
swaps	35	13	14	2	6
swaps	35	13	14	2	6
swaps	35	13	14	2	6
swaps	35	12	15	2	6
swaps	35	13	14	1	7
swaps	35	12	15	2	6
swaps	35	12	15	2	6
swaps	35	13	14	2	6
swaps	35	12	15	2	6
swaps	35	12	15	2	6
swaps	35	12	15	2	6
swaps	35	13	14	2	6
swaps	35	12	15	2	6
swaps	35	12	15	2	6
swaps	35	12	15	2	6
swaps	35	12	15	1	7
swaps	35	12	15	2	6
swaps	35	12	15	2	6
swaps	35	12	15	2	6
swaps	35	12	15	2	6
swaps	35	12	15	2	6
swaps	35	12	15	2	6
swaps	35	13	14	2	6
swaps	35	12	15	2	6
swaps2	68	24	19	25	0
swaps2	68	24	19	25	0
swaps2	68	24	19	25	0
swaps2	68	24	19	25	0
swaps2	68	24	19	25	0
swaps2	68	24	19	25	0
swaps2	68	24	19	25	0
swaps2	68	24	19	25	0
swaps2	68	24	19	25	0
swaps2	68	24	19	25	0
swaps2	68	24	19	25	0
swaps2	68	24	19	25	0
swaps2	68	24	19	25	0
swaps2	68	24	19	25	0
swaps2	68	24	19	25	0
swaps2	68	24	19	25	0
swaps2	68	24	19	25	0
swaps2	68	24	19	25	0
swaps2	68	24	19	25	0
swaps2	68	24	19	25	0
swaps2	68	24	19	25	0
swaps2	68	24	19	25	0
swaps2	68	24	19	25	0
swaps2	68	24	19	25	0
swaps2	68	24	19	25	0
swaps2	68	24	19	25	0
swaps2	68	24	19	25	0
swaps2	68	24	19	25	0
swaps2	68	24	19	25	0
swaps2	68	24	19	25	0
token	49	27	10	11	1
token	49	28	9	11	1
token	49	26	11	11	1
token	49	27	10	11	1
token	49	27	10	11	1
token	49	27	10	11	1
token	49	27	10	10	2
token	49	27	10	11	1
token	49	27	10	11	1
token	49	26	11	11	1
token	49	27	10	11	1
token	49	27	10	11	1
token	49	27	10	11	1
token	49	27	10	11	1
token	49	27	10	11	1
token	49	26	11	11	1
token	49	27	10	11	1
token	49	27	10	11	1
token	49	27	10	11	1
token	49	27	10	11	1
token	49	27	10	11	1
token	49	27	10	11	1
token	49	27	10	11	1
token	49	27	10	11	1
token	49	27	10	11	1
token	49	27	10	11	1
token	49	27	10	11	1
token	49	27	10	11	1
token	49	27	10	11	1
token	49	27	10	11	1
trickle-smart-contracts	21	5	5	10	1
trickle-smart-contracts	21	4	6	10	1
trickle-smart-contracts	21	4	6	10	1
trickle-smart-contracts	21	5	5	10	1
trickle-smart-contracts	21	4	6	10	1
trickle-smart-contracts	21	4	6	10	1
trickle-smart-contracts	21	4	6	10	1
trickle-smart-contracts	21	4	6	10	1
trickle-smart-contracts	21	4	6	10	1
trickle-smart-contracts	21	4	6	10	1
trickle-smart-contracts	21	4	6	10	1
trickle-smart-contracts	21	4	6	10	1
trickle-smart-contracts	21	4	6	10	1
trickle-smart-contracts	21	4	6	10	1
trickle-smart-contracts	21	4	6	10	1
trickle-smart-contracts	21	4	6	10	1
trickle-smart-contracts	21	4	6	10	1
trickle-smart-contracts	21	4	6	10	1
trickle-smart-contracts	21	4	6	10	1
trickle-smart-contracts	21	4	6	10	1
trickle-smart-contracts	21	4	6	10	1
trickle-smart-contracts	21	4	6	10	1
trickle-smart-contracts	21	4	6	10	1
trickle-smart-contracts	21	4	6	10	1
trickle-smart-contracts	21	4	6	10	1
trickle-smart-contracts	21	4	6	10	1
trickle-smart-contracts	21	4	6	10	1
trickle-smart-contracts	21	4	6	10	1
trickle-smart-contracts	21	4	6	10	1
trickle-smart-contracts	21	4	6	10	1
truffle	52	19	17	16	0
truffle	52	18	18	16	0
truffle	52	19	17	16	0
truffle	52	21	15	16	0
truffle	52	19	17	16	0
truffle	52	21	15	16	0
truffle	52	18	18	16	0
truffle	52	19	17	16	0
truffle	52	20	16	16	0
truffle	52	18	18	16	0
truffle	52	21	15	16	0
truffle	52	20	16	16	0
truffle	52	19	17	16	0
truffle	52	21	15	16	0
truffle	52	18	18	16	0
truffle	52	21	15	16	0
truffle	52	18	18	16	0
truffle	52	18	18	16	0
truffle	52	20	16	16	0
truffle	52	18	18	16	0
truffle	52	18	18	16	0
truffle	52	20	16	16	0
truffle	52	18	18	16	0
truffle	52	19	17	16	0
truffle	52	20	16	16	0
truffle	52	19	17	16	0
truffle	52	19	17	16	0
truffle	52	18	18	16	0
truffle	52	19	17	16	0
truffle	52	20	16	16	0
try-catch-solidity	45	15	6	18	6
try-catch-solidity	45	15	6	18	6
try-catch-solidity	45	15	6	18	6
try-catch-solidity	45	15	6	18	6
try-catch-solidity	45	17	4	18	6
try-catch-solidity	45	16	5	18	6
try-catch-solidity	45	15	6	18	6
try-catch-solidity	45	15	6	18	6
try-catch-solidity	45	15	6	18	6
try-catch-solidity	45	15	6	18	6
try-catch-solidity	45	15	6	18	6
try-catch-solidity	45	16	5	18	6
try-catch-solidity	45	15	6	18	6
try-catch-solidity	45	16	5	18	6
try-catch-solidity	45	15	6	18	6
try-catch-solidity	45	15	6	18	6
try-catch-solidity	45	16	5	18	6
try-catch-solidity	45	16	5	18	6
try-catch-solidity	45	16	5	18	6
try-catch-solidity	45	15	6	18	6
try-catch-solidity	45	16	5	18	6
try-catch-solidity	45	15	6	18	6
try-catch-solidity	45	15	6	18	6
try-catch-solidity	45	17	4	18	6
try-catch-solidity	45	15	6	18	6
try-catch-solidity	45	15	6	18	6
try-catch-solidity	45	15	6	18	6
try-catch-solidity	45	15	6	18	6
try-catch-solidity	45	15	6	18	6
try-catch-solidity	45	15	6	18	6
vvisp-klaytn-sample	46	16	6	18	6
vvisp-klaytn-sample	46	16	6	18	6
vvisp-klaytn-sample	46	16	6	18	6
vvisp-klaytn-sample	46	17	5	18	6
vvisp-klaytn-sample	46	16	6	18	6
vvisp-klaytn-sample	46	17	5	18	6
vvisp-klaytn-sample	46	17	5	18	6
vvisp-klaytn-sample	46	17	5	18	6
vvisp-klaytn-sample	46	16	6	18	6
vvisp-klaytn-sample	46	18	4	18	6
vvisp-klaytn-sample	46	17	5	18	6
vvisp-klaytn-sample	46	17	5	18	6
vvisp-klaytn-sample	46	17	5	18	6
vvisp-klaytn-sample	46	16	6	18	6
vvisp-klaytn-sample	46	16	6	18	6
vvisp-klaytn-sample	46	16	6	18	6
vvisp-klaytn-sample	46	16	6	18	6
vvisp-klaytn-sample	46	17	5	18	6
vvisp-klaytn-sample	46	16	6	18	6
vvisp-klaytn-sample	46	16	6	18	6
vvisp-klaytn-sample	46	17	5	18	6
vvisp-klaytn-sample	46	16	6	18	6
vvisp-klaytn-sample	46	17	5	18	6
vvisp-klaytn-sample	46	16	6	18	6
vvisp-klaytn-sample	46	16	6	18	6
vvisp-klaytn-sample	46	16	6	18	6
vvisp-klaytn-sample	46	16	6	18	6
vvisp-klaytn-sample	46	16	6	18	6
vvisp-klaytn-sample	46	16	6	18	6
vvisp-klaytn-sample	46	16	6	18	6
