i	project	covered	total	percentual	original
0	aiakos-contracts	14	30	46.67	66.67
1	aiakos-contracts	14	30	46.67	66.67
2	aiakos-contracts	14	30	46.67	66.67
3	aiakos-contracts	14	30	46.67	66.67
4	aiakos-contracts	14	30	46.67	66.67
5	aiakos-contracts	14	30	46.67	66.67
6	aiakos-contracts	14	30	46.67	66.67
7	aiakos-contracts	14	30	46.67	66.67
8	aiakos-contracts	14	30	46.67	66.67
9	aiakos-contracts	14	30	46.67	66.67
10	aiakos-contracts	14	30	46.67	66.67
11	aiakos-contracts	14	30	46.67	66.67
12	aiakos-contracts	14	30	46.67	66.67
13	aiakos-contracts	14	30	46.67	66.67
14	aiakos-contracts	14	30	46.67	66.67
15	aiakos-contracts	14	30	46.67	66.67
16	aiakos-contracts	14	30	46.67	66.67
17	aiakos-contracts	14	30	46.67	66.67
18	aiakos-contracts	14	30	46.67	66.67
19	aiakos-contracts	14	30	46.67	66.67
20	aiakos-contracts	14	30	46.67	66.67
21	aiakos-contracts	14	30	46.67	66.67
22	aiakos-contracts	14	30	46.67	66.67
23	aiakos-contracts	14	30	46.67	66.67
24	aiakos-contracts	14	30	46.67	66.67
25	aiakos-contracts	14	30	46.67	66.67
26	aiakos-contracts	15	30	50	66.67
27	aiakos-contracts	14	30	46.67	66.67
28	aiakos-contracts	14	30	46.67	66.67
29	aiakos-contracts	14	30	46.67	66.67
0	button	20	34	58.82	29.41
1	button	20	34	58.82	29.41
2	button	19	34	55.88	29.41
3	button	20	34	58.82	29.41
4	button	21	34	61.76	29.41
5	button	17	34	50	29.41
6	button	21	34	61.76	29.41
7	button	21	34	61.76	29.41
8	button	21	34	61.76	29.41
9	button	21	34	61.76	29.41
10	button	21	34	61.76	29.41
11	button	21	34	61.76	29.41
12	button	21	34	61.76	29.41
13	button	20	34	58.82	29.41
14	button	20	34	58.82	29.41
15	button	21	34	61.76	29.41
16	button	19	34	55.88	29.41
17	button	21	34	61.76	29.41
18	button	21	34	61.76	29.41
19	button	20	34	58.82	29.41
20	button	21	34	61.76	29.41
21	button	21	34	61.76	29.41
22	button	21	34	61.76	29.41
23	button	19	34	55.88	29.41
24	button	21	34	61.76	29.41
25	button	22	34	64.71	29.41
26	button	21	34	61.76	29.41
27	button	17	34	50	29.41
28	button	22	34	64.71	29.41
29	button	21	34	61.76	29.41
0	crowdsale	2	2	100	100
1	crowdsale	2	2	100	100
2	crowdsale	2	2	100	100
3	crowdsale	2	2	100	100
4	crowdsale	2	2	100	100
5	crowdsale	2	2	100	100
6	crowdsale	2	2	100	100
7	crowdsale	2	2	100	100
8	crowdsale	2	2	100	100
9	crowdsale	2	2	100	100
10	crowdsale	2	2	100	100
11	crowdsale	2	2	100	100
12	crowdsale	2	2	100	100
13	crowdsale	2	2	100	100
14	crowdsale	2	2	100	100
15	crowdsale	1	2	50	100
16	crowdsale	2	2	100	100
17	crowdsale	2	2	100	100
18	crowdsale	2	2	100	100
19	crowdsale	2	2	100	100
20	crowdsale	2	2	100	100
21	crowdsale	2	2	100	100
22	crowdsale	2	2	100	100
23	crowdsale	2	2	100	100
24	crowdsale	2	2	100	100
25	crowdsale	2	2	100	100
26	crowdsale	2	2	100	100
27	crowdsale	1	2	50	100
28	crowdsale	2	2	100	100
29	crowdsale	2	2	100	100
0	06	25	36	69.44	33.33
1	06	25	36	69.44	33.33
2	06	25	36	69.44	33.33
3	06	25	36	69.44	33.33
4	06	25	36	69.44	33.33
5	06	25	36	69.44	33.33
6	06	25	36	69.44	33.33
7	06	25	36	69.44	33.33
8	06	25	36	69.44	33.33
9	06	25	36	69.44	33.33
10	06	25	36	69.44	33.33
11	06	25	36	69.44	33.33
12	06	25	36	69.44	33.33
13	06	26	36	72.22	33.33
14	06	25	36	69.44	33.33
15	06	25	36	69.44	33.33
16	06	25	36	69.44	33.33
17	06	25	36	69.44	33.33
18	06	25	36	69.44	33.33
19	06	25	36	69.44	33.33
20	06	26	36	72.22	33.33
21	06	25	36	69.44	33.33
22	06	25	36	69.44	33.33
23	06	25	36	69.44	33.33
24	06	26	36	72.22	33.33
25	06	25	36	69.44	33.33
26	06	25	36	69.44	33.33
27	06	26	36	72.22	33.33
28	06	26	36	72.22	33.33
29	06	25	36	69.44	33.33
0	Action	2	4	50	100
1	Action	2	4	50	100
2	Action	0	4	0	100
3	Action	2	4	50	100
4	Action	0	4	0	100
5	Action	0	4	0	100
6	Action	2	4	50	100
7	Action	2	4	50	100
8	Action	2	4	50	100
9	Action	2	4	50	100
10	Action	2	4	50	100
11	Action	2	4	50	100
12	Action	2	4	50	100
13	Action	2	4	50	100
14	Action	2	4	50	100
15	Action	2	4	50	100
16	Action	2	4	50	100
17	Action	2	4	50	100
18	Action	2	4	50	100
19	Action	2	4	50	100
20	Action	2	4	50	100
21	Action	2	4	50	100
22	Action	2	4	50	100
23	Action	2	4	50	100
24	Action	2	4	50	100
25	Action	2	4	50	100
26	Action	2	4	50	100
27	Action	2	4	50	100
28	Action	2	4	50	100
29	Action	2	4	50	100
0	EIP712	4	6	66.67	66.67
1	EIP712	4	6	66.67	66.67
2	EIP712	4	6	66.67	66.67
3	EIP712	4	6	66.67	66.67
4	EIP712	4	6	66.67	66.67
5	EIP712	4	6	66.67	66.67
6	EIP712	4	6	66.67	66.67
7	EIP712	4	6	66.67	66.67
8	EIP712	4	6	66.67	66.67
9	EIP712	4	6	66.67	66.67
10	EIP712	4	6	66.67	66.67
11	EIP712	4	6	66.67	66.67
12	EIP712	4	6	66.67	66.67
13	EIP712	4	6	66.67	66.67
14	EIP712	4	6	66.67	66.67
15	EIP712	4	6	66.67	66.67
16	EIP712	4	6	66.67	66.67
17	EIP712	4	6	66.67	66.67
18	EIP712	4	6	66.67	66.67
19	EIP712	4	6	66.67	66.67
20	EIP712	4	6	66.67	66.67
21	EIP712	4	6	66.67	66.67
22	EIP712	4	6	66.67	66.67
23	EIP712	4	6	66.67	66.67
24	EIP712	4	6	66.67	66.67
25	EIP712	4	6	66.67	66.67
26	EIP712	4	6	66.67	66.67
27	EIP712	4	6	66.67	66.67
28	EIP712	4	6	66.67	66.67
29	EIP712	4	6	66.67	66.67
0	ERC165	2	4	50	100
1	ERC165	2	4	50	100
2	ERC165	2	4	50	100
3	ERC165	2	4	50	100
4	ERC165	2	4	50	100
5	ERC165	2	4	50	100
6	ERC165	2	4	50	100
7	ERC165	2	4	50	100
8	ERC165	2	4	50	100
9	ERC165	2	4	50	100
10	ERC165	2	4	50	100
11	ERC165	2	4	50	100
12	ERC165	2	4	50	100
13	ERC165	2	4	50	100
14	ERC165	2	4	50	100
15	ERC165	2	4	50	100
16	ERC165	2	4	50	100
17	ERC165	2	4	50	100
18	ERC165	2	4	50	100
19	ERC165	2	4	50	100
20	ERC165	2	4	50	100
21	ERC165	2	4	50	100
22	ERC165	2	4	50	100
23	ERC165	2	4	50	100
24	ERC165	2	4	50	100
25	ERC165	2	4	50	100
26	ERC165	2	4	50	100
27	ERC165	2	4	50	100
28	ERC165	2	4	50	100
29	ERC165	2	4	50	100
0	MarketSample	5	14	35.71	57.14
1	MarketSample	5	14	35.71	57.14
2	MarketSample	5	14	35.71	57.14
3	MarketSample	5	14	35.71	57.14
4	MarketSample	5	14	35.71	57.14
5	MarketSample	5	14	35.71	57.14
6	MarketSample	5	14	35.71	57.14
7	MarketSample	5	14	35.71	57.14
8	MarketSample	5	14	35.71	57.14
9	MarketSample	5	14	35.71	57.14
10	MarketSample	5	14	35.71	57.14
11	MarketSample	5	14	35.71	57.14
12	MarketSample	5	14	35.71	57.14
13	MarketSample	5	14	35.71	57.14
14	MarketSample	5	14	35.71	57.14
15	MarketSample	5	14	35.71	57.14
16	MarketSample	5	14	35.71	57.14
17	MarketSample	5	14	35.71	57.14
18	MarketSample	5	14	35.71	57.14
19	MarketSample	5	14	35.71	57.14
20	MarketSample	5	14	35.71	57.14
21	MarketSample	5	14	35.71	57.14
22	MarketSample	5	14	35.71	57.14
23	MarketSample	5	14	35.71	57.14
24	MarketSample	5	14	35.71	57.14
25	MarketSample	5	14	35.71	57.14
26	MarketSample	5	14	35.71	57.14
27	MarketSample	5	14	35.71	57.14
28	MarketSample	5	14	35.71	57.14
29	MarketSample	5	14	35.71	57.14
0	MembershipVerificationToken	18	24	75	50
1	MembershipVerificationToken	18	24	75	50
2	MembershipVerificationToken	18	24	75	50
3	MembershipVerificationToken	18	24	75	50
4	MembershipVerificationToken	18	24	75	50
5	MembershipVerificationToken	18	24	75	50
6	MembershipVerificationToken	18	24	75	50
7	MembershipVerificationToken	18	24	75	50
8	MembershipVerificationToken	18	24	75	50
9	MembershipVerificationToken	18	24	75	50
10	MembershipVerificationToken	18	24	75	50
11	MembershipVerificationToken	18	24	75	50
12	MembershipVerificationToken	18	24	75	50
13	MembershipVerificationToken	18	24	75	50
14	MembershipVerificationToken	18	24	75	50
15	MembershipVerificationToken	18	24	75	50
16	MembershipVerificationToken	18	24	75	50
17	MembershipVerificationToken	18	24	75	50
18	MembershipVerificationToken	18	24	75	50
19	MembershipVerificationToken	18	24	75	50
20	MembershipVerificationToken	18	24	75	50
21	MembershipVerificationToken	18	24	75	50
22	MembershipVerificationToken	18	24	75	50
23	MembershipVerificationToken	18	24	75	50
24	MembershipVerificationToken	18	24	75	50
25	MembershipVerificationToken	18	24	75	50
26	MembershipVerificationToken	18	24	75	50
27	MembershipVerificationToken	18	24	75	50
28	MembershipVerificationToken	18	24	75	50
29	MembershipVerificationToken	18	24	75	50
0	MetaTransactions	5	12	41.67	58.33
1	MetaTransactions	5	12	41.67	58.33
2	MetaTransactions	5	12	41.67	58.33
3	MetaTransactions	5	12	41.67	58.33
4	MetaTransactions	5	12	41.67	58.33
5	MetaTransactions	5	12	41.67	58.33
6	MetaTransactions	5	12	41.67	58.33
7	MetaTransactions	5	12	41.67	58.33
8	MetaTransactions	5	12	41.67	58.33
9	MetaTransactions	5	12	41.67	58.33
10	MetaTransactions	5	12	41.67	58.33
11	MetaTransactions	5	12	41.67	58.33
12	MetaTransactions	5	12	41.67	58.33
13	MetaTransactions	5	12	41.67	58.33
14	MetaTransactions	5	12	41.67	58.33
15	MetaTransactions	5	12	41.67	58.33
16	MetaTransactions	5	12	41.67	58.33
17	MetaTransactions	5	12	41.67	58.33
18	MetaTransactions	5	12	41.67	58.33
19	MetaTransactions	5	12	41.67	58.33
20	MetaTransactions	5	12	41.67	58.33
21	MetaTransactions	5	12	41.67	58.33
22	MetaTransactions	5	12	41.67	58.33
23	MetaTransactions	5	12	41.67	58.33
24	MetaTransactions	5	12	41.67	58.33
25	MetaTransactions	5	12	41.67	58.33
26	MetaTransactions	5	12	41.67	58.33
27	MetaTransactions	5	12	41.67	58.33
28	MetaTransactions	5	12	41.67	58.33
29	MetaTransactions	5	12	41.67	58.33
0	SimpleCoin	8	10	80	0
1	SimpleCoin	8	10	80	0
2	SimpleCoin	8	10	80	0
3	SimpleCoin	8	10	80	0
4	SimpleCoin	8	10	80	0
5	SimpleCoin	8	10	80	0
6	SimpleCoin	8	10	80	0
7	SimpleCoin	8	10	80	0
8	SimpleCoin	8	10	80	0
9	SimpleCoin	8	10	80	0
10	SimpleCoin	8	10	80	0
11	SimpleCoin	8	10	80	0
12	SimpleCoin	8	10	80	0
13	SimpleCoin	8	10	80	0
14	SimpleCoin	8	10	80	0
15	SimpleCoin	8	10	80	0
16	SimpleCoin	8	10	80	0
17	SimpleCoin	8	10	80	0
18	SimpleCoin	8	10	80	0
19	SimpleCoin	8	10	80	0
20	SimpleCoin	8	10	80	0
21	SimpleCoin	8	10	80	0
22	SimpleCoin	8	10	80	0
23	SimpleCoin	8	10	80	0
24	SimpleCoin	8	10	80	0
25	SimpleCoin	8	10	80	0
26	SimpleCoin	8	10	80	0
27	SimpleCoin	8	10	80	0
28	SimpleCoin	8	10	80	0
29	SimpleCoin	8	10	80	0
0	Solidity-RLP	33	44	75	81.82
1	Solidity-RLP	29	44	65.91	81.82
2	Solidity-RLP	30	44	68.18	81.82
3	Solidity-RLP	21	44	47.73	81.82
4	Solidity-RLP	30	44	68.18	81.82
5	Solidity-RLP	32	44	72.73	81.82
6	Solidity-RLP	23	44	52.27	81.82
7	Solidity-RLP	19	44	43.18	81.82
8	Solidity-RLP	29	44	65.91	81.82
9	Solidity-RLP	23	44	52.27	81.82
10	Solidity-RLP	30	44	68.18	81.82
11	Solidity-RLP	22	44	50	81.82
12	Solidity-RLP	21	44	47.73	81.82
13	Solidity-RLP	24	44	54.55	81.82
14	Solidity-RLP	23	44	52.27	81.82
15	Solidity-RLP	33	44	75	81.82
16	Solidity-RLP	33	44	75	81.82
17	Solidity-RLP	28	44	63.64	81.82
18	Solidity-RLP	22	44	50	81.82
19	Solidity-RLP	35	44	79.55	81.82
20	Solidity-RLP	22	44	50	81.82
21	Solidity-RLP	32	44	72.73	81.82
22	Solidity-RLP	29	44	65.91	81.82
23	Solidity-RLP	30	44	68.18	81.82
24	Solidity-RLP	23	44	52.27	81.82
25	Solidity-RLP	26	44	59.09	81.82
26	Solidity-RLP	29	44	65.91	81.82
27	Solidity-RLP	31	44	70.45	81.82
28	Solidity-RLP	31	44	70.45	81.82
29	Solidity-RLP	23	44	52.27	81.82
0	actus-solidity	230	354	64.97	51.41
1	actus-solidity	249	354	70.34	51.41
2	actus-solidity	235	354	66.38	51.41
3	actus-solidity	237	354	66.95	51.41
4	actus-solidity	233	354	65.82	51.41
5	actus-solidity	230	354	64.97	51.41
6	actus-solidity	256	354	72.32	51.41
7	actus-solidity	238	354	67.23	51.41
8	actus-solidity	230	354	64.97	51.41
9	actus-solidity	236	354	66.67	51.41
10	actus-solidity	234	354	66.1	51.41
11	actus-solidity	238	354	67.23	51.41
12	actus-solidity	241	354	68.08	51.41
13	actus-solidity	247	354	69.77	51.41
14	actus-solidity	234	354	66.1	51.41
15	actus-solidity	230	354	64.97	51.41
16	actus-solidity	231	354	65.25	51.41
17	actus-solidity	231	354	65.25	51.41
18	actus-solidity	241	354	68.08	51.41
19	actus-solidity	244	354	68.93	51.41
20	actus-solidity	244	354	68.93	51.41
21	actus-solidity	233	354	65.82	51.41
22	actus-solidity	229	354	64.69	51.41
23	actus-solidity	254	354	71.75	51.41
24	actus-solidity	235	354	66.38	51.41
25	actus-solidity	240	354	67.8	51.41
26	actus-solidity	238	354	67.23	51.41
27	actus-solidity	243	354	68.64	51.41
28	actus-solidity	245	354	69.21	51.41
29	actus-solidity	235	354	66.38	51.41
0	curve-bonded-tokens	80	98	81.63	60.2
1	curve-bonded-tokens	81	98	82.65	60.2
2	curve-bonded-tokens	81	98	82.65	60.2
3	curve-bonded-tokens	79	98	80.61	60.2
4	curve-bonded-tokens	82	98	83.67	60.2
5	curve-bonded-tokens	81	98	82.65	60.2
6	curve-bonded-tokens	80	98	81.63	60.2
7	curve-bonded-tokens	84	98	85.71	60.2
8	curve-bonded-tokens	82	98	83.67	60.2
9	curve-bonded-tokens	80	98	81.63	60.2
10	curve-bonded-tokens	84	98	85.71	60.2
11	curve-bonded-tokens	82	98	83.67	60.2
12	curve-bonded-tokens	81	98	82.65	60.2
13	curve-bonded-tokens	82	98	83.67	60.2
14	curve-bonded-tokens	79	98	80.61	60.2
15	curve-bonded-tokens	80	98	81.63	60.2
16	curve-bonded-tokens	78	98	79.59	60.2
17	curve-bonded-tokens	81	98	82.65	60.2
18	curve-bonded-tokens	81	98	82.65	60.2
19	curve-bonded-tokens	80	98	81.63	60.2
20	curve-bonded-tokens	79	98	80.61	60.2
21	curve-bonded-tokens	84	98	85.71	60.2
22	curve-bonded-tokens	80	98	81.63	60.2
23	curve-bonded-tokens	83	98	84.69	60.2
24	curve-bonded-tokens	79	98	80.61	60.2
25	curve-bonded-tokens	79	98	80.61	60.2
26	curve-bonded-tokens	82	98	83.67	60.2
27	curve-bonded-tokens	80	98	81.63	60.2
28	curve-bonded-tokens	82	98	83.67	60.2
29	curve-bonded-tokens	81	98	82.65	60.2
0	debug-solidity	2	4	50	50
1	debug-solidity	2	4	50	50
2	debug-solidity	2	4	50	50
3	debug-solidity	2	4	50	50
4	debug-solidity	2	4	50	50
5	debug-solidity	2	4	50	50
6	debug-solidity	2	4	50	50
7	debug-solidity	2	4	50	50
8	debug-solidity	2	4	50	50
9	debug-solidity	2	4	50	50
10	debug-solidity	2	4	50	50
11	debug-solidity	2	4	50	50
12	debug-solidity	2	4	50	50
13	debug-solidity	2	4	50	50
14	debug-solidity	2	4	50	50
15	debug-solidity	2	4	50	50
16	debug-solidity	2	4	50	50
17	debug-solidity	2	4	50	50
18	debug-solidity	2	4	50	50
19	debug-solidity	2	4	50	50
20	debug-solidity	2	4	50	50
21	debug-solidity	2	4	50	50
22	debug-solidity	2	4	50	50
23	debug-solidity	2	4	50	50
24	debug-solidity	2	4	50	50
25	debug-solidity	2	4	50	50
26	debug-solidity	2	4	50	50
27	debug-solidity	2	4	50	50
28	debug-solidity	2	4	50	50
29	debug-solidity	2	4	50	50
0	equilibrium-bonding-curve	38	76	50	51.32
1	equilibrium-bonding-curve	35	76	46.05	51.32
2	equilibrium-bonding-curve	33	76	43.42	51.32
3	equilibrium-bonding-curve	33	76	43.42	51.32
4	equilibrium-bonding-curve	33	76	43.42	51.32
5	equilibrium-bonding-curve	33	76	43.42	51.32
6	equilibrium-bonding-curve	33	76	43.42	51.32
7	equilibrium-bonding-curve	33	76	43.42	51.32
8	equilibrium-bonding-curve	33	76	43.42	51.32
9	equilibrium-bonding-curve	33	76	43.42	51.32
10	equilibrium-bonding-curve	35	76	46.05	51.32
11	equilibrium-bonding-curve	33	76	43.42	51.32
12	equilibrium-bonding-curve	34	76	44.74	51.32
13	equilibrium-bonding-curve	32	76	42.11	51.32
14	equilibrium-bonding-curve	34	76	44.74	51.32
15	equilibrium-bonding-curve	33	76	43.42	51.32
16	equilibrium-bonding-curve	35	76	46.05	51.32
17	equilibrium-bonding-curve	34	76	44.74	51.32
18	equilibrium-bonding-curve	33	76	43.42	51.32
19	equilibrium-bonding-curve	33	76	43.42	51.32
20	equilibrium-bonding-curve	35	76	46.05	51.32
21	equilibrium-bonding-curve	33	76	43.42	51.32
22	equilibrium-bonding-curve	33	76	43.42	51.32
23	equilibrium-bonding-curve	33	76	43.42	51.32
24	equilibrium-bonding-curve	34	76	44.74	51.32
25	equilibrium-bonding-curve	32	76	42.11	51.32
26	equilibrium-bonding-curve	33	76	43.42	51.32
27	equilibrium-bonding-curve	33	76	43.42	51.32
28	equilibrium-bonding-curve	35	76	46.05	51.32
29	equilibrium-bonding-curve	34	76	44.74	51.32
0	final-project-hav-noms	1	222	0.45	0.45
1	final-project-hav-noms	1	222	0.45	0.45
2	final-project-hav-noms	1	222	0.45	0.45
3	final-project-hav-noms	1	222	0.45	0.45
4	final-project-hav-noms	1	222	0.45	0.45
5	final-project-hav-noms	1	222	0.45	0.45
6	final-project-hav-noms	1	222	0.45	0.45
7	final-project-hav-noms	1	222	0.45	0.45
8	final-project-hav-noms	1	222	0.45	0.45
9	final-project-hav-noms	1	222	0.45	0.45
10	final-project-hav-noms	1	222	0.45	0.45
11	final-project-hav-noms	1	222	0.45	0.45
12	final-project-hav-noms	1	222	0.45	0.45
13	final-project-hav-noms	1	222	0.45	0.45
14	final-project-hav-noms	1	222	0.45	0.45
15	final-project-hav-noms	1	222	0.45	0.45
16	final-project-hav-noms	1	222	0.45	0.45
17	final-project-hav-noms	1	222	0.45	0.45
18	final-project-hav-noms	1	222	0.45	0.45
19	final-project-hav-noms	1	222	0.45	0.45
20	final-project-hav-noms	1	222	0.45	0.45
21	final-project-hav-noms	1	222	0.45	0.45
22	final-project-hav-noms	1	222	0.45	0.45
23	final-project-hav-noms	1	222	0.45	0.45
24	final-project-hav-noms	1	222	0.45	0.45
25	final-project-hav-noms	1	222	0.45	0.45
26	final-project-hav-noms	1	222	0.45	0.45
27	final-project-hav-noms	1	222	0.45	0.45
28	final-project-hav-noms	1	222	0.45	0.45
29	final-project-hav-noms	1	222	0.45	0.45
0	golem-contracts	73	174	41.95	50
1	golem-contracts	69	174	39.66	50
2	golem-contracts	70	174	40.23	50
3	golem-contracts	71	174	40.8	50
4	golem-contracts	70	174	40.23	50
5	golem-contracts	70	174	40.23	50
6	golem-contracts	70	174	40.23	50
7	golem-contracts	70	174	40.23	50
8	golem-contracts	70	174	40.23	50
9	golem-contracts	71	174	40.8	50
10	golem-contracts	70	174	40.23	50
11	golem-contracts	70	174	40.23	50
12	golem-contracts	71	174	40.8	50
13	golem-contracts	70	174	40.23	50
14	golem-contracts	70	174	40.23	50
15	golem-contracts	70	174	40.23	50
16	golem-contracts	70	174	40.23	50
17	golem-contracts	70	174	40.23	50
18	golem-contracts	70	174	40.23	50
19	golem-contracts	70	174	40.23	50
20	golem-contracts	70	174	40.23	50
21	golem-contracts	70	174	40.23	50
22	golem-contracts	74	174	42.53	50
23	golem-contracts	70	174	40.23	50
24	golem-contracts	70	174	40.23	50
25	golem-contracts	70	174	40.23	50
26	golem-contracts	70	174	40.23	50
27	golem-contracts	72	174	41.38	50
28	golem-contracts	70	174	40.23	50
29	golem-contracts	69	174	39.66	50
0	harberger-ads-contracts	2	28	7.14	0
1	harberger-ads-contracts	2	28	7.14	0
2	harberger-ads-contracts	2	28	7.14	0
3	harberger-ads-contracts	2	28	7.14	0
4	harberger-ads-contracts	2	28	7.14	0
5	harberger-ads-contracts	2	28	7.14	0
6	harberger-ads-contracts	2	28	7.14	0
7	harberger-ads-contracts	2	28	7.14	0
8	harberger-ads-contracts	2	28	7.14	0
9	harberger-ads-contracts	2	28	7.14	0
10	harberger-ads-contracts	2	28	7.14	0
11	harberger-ads-contracts	2	28	7.14	0
12	harberger-ads-contracts	2	28	7.14	0
13	harberger-ads-contracts	2	28	7.14	0
14	harberger-ads-contracts	2	28	7.14	0
15	harberger-ads-contracts	2	28	7.14	0
16	harberger-ads-contracts	2	28	7.14	0
17	harberger-ads-contracts	2	28	7.14	0
18	harberger-ads-contracts	2	28	7.14	0
19	harberger-ads-contracts	2	28	7.14	0
20	harberger-ads-contracts	2	28	7.14	0
21	harberger-ads-contracts	2	28	7.14	0
22	harberger-ads-contracts	2	28	7.14	0
23	harberger-ads-contracts	2	28	7.14	0
24	harberger-ads-contracts	2	28	7.14	0
25	harberger-ads-contracts	2	28	7.14	0
26	harberger-ads-contracts	2	28	7.14	0
27	harberger-ads-contracts	2	28	7.14	0
28	harberger-ads-contracts	2	28	7.14	0
29	harberger-ads-contracts	2	28	7.14	0
30	harberger-ads-contracts	2	28	7.14	0
31	harberger-ads-contracts	2	28	7.14	0
32	harberger-ads-contracts	2	28	7.14	0
33	harberger-ads-contracts	2	28	7.14	0
34	harberger-ads-contracts	2	28	7.14	0
35	harberger-ads-contracts	2	28	7.14	0
36	harberger-ads-contracts	2	28	7.14	0
37	harberger-ads-contracts	2	28	7.14	0
38	harberger-ads-contracts	2	28	7.14	0
39	harberger-ads-contracts	2	28	7.14	0
40	harberger-ads-contracts	2	28	7.14	0
41	harberger-ads-contracts	2	28	7.14	0
42	harberger-ads-contracts	2	28	7.14	0
43	harberger-ads-contracts	2	28	7.14	0
44	harberger-ads-contracts	2	28	7.14	0
45	harberger-ads-contracts	2	28	7.14	0
46	harberger-ads-contracts	2	28	7.14	0
47	harberger-ads-contracts	2	28	7.14	0
48	harberger-ads-contracts	2	28	7.14	0
49	harberger-ads-contracts	2	28	7.14	0
50	harberger-ads-contracts	2	28	7.14	0
51	harberger-ads-contracts	2	28	7.14	0
52	harberger-ads-contracts	2	28	7.14	0
53	harberger-ads-contracts	2	28	7.14	0
54	harberger-ads-contracts	2	28	7.14	0
55	harberger-ads-contracts	2	28	7.14	0
56	harberger-ads-contracts	2	28	7.14	0
57	harberger-ads-contracts	2	28	7.14	0
58	harberger-ads-contracts	2	28	7.14	0
59	harberger-ads-contracts	2	28	7.14	0
0	king	20	36	55.56	33.33
1	king	21	36	58.33	33.33
2	king	20	36	55.56	33.33
3	king	19	36	52.78	33.33
4	king	20	36	55.56	33.33
5	king	19	36	52.78	33.33
6	king	20	36	55.56	33.33
7	king	20	36	55.56	33.33
8	king	19	36	52.78	33.33
9	king	21	36	58.33	33.33
10	king	21	36	58.33	33.33
11	king	20	36	55.56	33.33
12	king	20	36	55.56	33.33
13	king	20	36	55.56	33.33
14	king	20	36	55.56	33.33
15	king	21	36	58.33	33.33
16	king	23	36	63.89	33.33
17	king	19	36	52.78	33.33
18	king	20	36	55.56	33.33
19	king	21	36	58.33	33.33
20	king	21	36	58.33	33.33
21	king	20	36	55.56	33.33
22	king	20	36	55.56	33.33
23	king	20	36	55.56	33.33
24	king	20	36	55.56	33.33
25	king	21	36	58.33	33.33
26	king	19	36	52.78	33.33
27	king	21	36	58.33	33.33
28	king	21	36	58.33	33.33
29	king	20	36	55.56	33.33
0	left-gallery-token	24	64	37.5	9.38
1	left-gallery-token	24	64	37.5	9.38
2	left-gallery-token	24	64	37.5	9.38
3	left-gallery-token	24	64	37.5	9.38
4	left-gallery-token	24	64	37.5	9.38
5	left-gallery-token	24	64	37.5	9.38
6	left-gallery-token	24	64	37.5	9.38
7	left-gallery-token	24	64	37.5	9.38
8	left-gallery-token	24	64	37.5	9.38
9	left-gallery-token	24	64	37.5	9.38
10	left-gallery-token	24	64	37.5	9.38
11	left-gallery-token	24	64	37.5	9.38
12	left-gallery-token	24	64	37.5	9.38
13	left-gallery-token	24	64	37.5	9.38
14	left-gallery-token	24	64	37.5	9.38
15	left-gallery-token	24	64	37.5	9.38
16	left-gallery-token	24	64	37.5	9.38
17	left-gallery-token	24	64	37.5	9.38
18	left-gallery-token	24	64	37.5	9.38
19	left-gallery-token	24	64	37.5	9.38
20	left-gallery-token	24	64	37.5	9.38
21	left-gallery-token	24	64	37.5	9.38
22	left-gallery-token	24	64	37.5	9.38
23	left-gallery-token	24	64	37.5	9.38
24	left-gallery-token	24	64	37.5	9.38
25	left-gallery-token	24	64	37.5	9.38
26	left-gallery-token	24	64	37.5	9.38
27	left-gallery-token	24	64	37.5	9.38
28	left-gallery-token	24	64	37.5	9.38
29	left-gallery-token	24	64	37.5	9.38
0	liquid	17	32	53.13	34.38
1	liquid	16	32	50	34.38
2	liquid	15	32	46.88	34.38
3	liquid	14	32	43.75	34.38
4	liquid	13	32	40.63	34.38
5	liquid	15	32	46.88	34.38
6	liquid	14	32	43.75	34.38
7	liquid	17	32	53.13	34.38
8	liquid	14	32	43.75	34.38
9	liquid	11	32	34.38	34.38
10	liquid	18	32	56.25	34.38
11	liquid	16	32	50	34.38
12	liquid	14	32	43.75	34.38
13	liquid	17	32	53.13	34.38
14	liquid	17	32	53.13	34.38
15	liquid	15	32	46.88	34.38
16	liquid	16	32	50	34.38
17	liquid	14	32	43.75	34.38
18	liquid	17	32	53.13	34.38
19	liquid	15	32	46.88	34.38
20	liquid	15	32	46.88	34.38
21	liquid	17	32	53.13	34.38
22	liquid	16	32	50	34.38
23	liquid	17	32	53.13	34.38
24	liquid	15	32	46.88	34.38
25	liquid	16	32	50	34.38
26	liquid	16	32	50	34.38
27	liquid	16	32	50	34.38
28	liquid	16	32	50	34.38
29	liquid	18	32	56.25	34.38
0	minime	25	70	35.71	51.43
1	minime	27	70	38.57	51.43
2	minime	25	70	35.71	51.43
3	minime	25	70	35.71	51.43
4	minime	25	70	35.71	51.43
5	minime	25	70	35.71	51.43
6	minime	27	70	38.57	51.43
7	minime	25	70	35.71	51.43
8	minime	22	70	31.43	51.43
9	minime	27	70	38.57	51.43
10	minime	27	70	38.57	51.43
11	minime	27	70	38.57	51.43
12	minime	25	70	35.71	51.43
13	minime	28	70	40	51.43
14	minime	27	70	38.57	51.43
15	minime	25	70	35.71	51.43
16	minime	27	70	38.57	51.43
17	minime	25	70	35.71	51.43
18	minime	25	70	35.71	51.43
19	minime	27	70	38.57	51.43
20	minime	27	70	38.57	51.43
21	minime	25	70	35.71	51.43
22	minime	27	70	38.57	51.43
23	minime	25	70	35.71	51.43
24	minime	27	70	38.57	51.43
25	minime	27	70	38.57	51.43
26	minime	24	70	34.29	51.43
27	minime	25	70	35.71	51.43
28	minime	25	70	35.71	51.43
29	minime	25	70	35.71	51.43
0	mvp	3	8	37.5	75
1	mvp	3	8	37.5	75
2	mvp	3	8	37.5	75
3	mvp	3	8	37.5	75
4	mvp	3	8	37.5	75
5	mvp	3	8	37.5	75
6	mvp	3	8	37.5	75
7	mvp	3	8	37.5	75
8	mvp	3	8	37.5	75
9	mvp	3	8	37.5	75
10	mvp	3	8	37.5	75
11	mvp	3	8	37.5	75
12	mvp	3	8	37.5	75
13	mvp	3	8	37.5	75
14	mvp	3	8	37.5	75
15	mvp	3	8	37.5	75
16	mvp	3	8	37.5	75
17	mvp	3	8	37.5	75
18	mvp	3	8	37.5	75
19	mvp	3	8	37.5	75
20	mvp	3	8	37.5	75
21	mvp	3	8	37.5	75
22	mvp	3	8	37.5	75
23	mvp	3	8	37.5	75
24	mvp	3	8	37.5	75
25	mvp	3	8	37.5	75
26	mvp	3	8	37.5	75
27	mvp	3	8	37.5	75
28	mvp	3	8	37.5	75
29	mvp	3	8	37.5	75
0	noia-token	25	52	48.08	71.15
1	noia-token	25	52	48.08	71.15
2	noia-token	25	52	48.08	71.15
3	noia-token	25	52	48.08	71.15
4	noia-token	25	52	48.08	71.15
5	noia-token	25	52	48.08	71.15
6	noia-token	28	52	53.85	71.15
7	noia-token	25	52	48.08	71.15
8	noia-token	25	52	48.08	71.15
9	noia-token	25	52	48.08	71.15
10	noia-token	25	52	48.08	71.15
11	noia-token	25	52	48.08	71.15
12	noia-token	25	52	48.08	71.15
13	noia-token	25	52	48.08	71.15
14	noia-token	25	52	48.08	71.15
15	noia-token	25	52	48.08	71.15
16	noia-token	25	52	48.08	71.15
17	noia-token	25	52	48.08	71.15
18	noia-token	25	52	48.08	71.15
19	noia-token	25	52	48.08	71.15
20	noia-token	28	52	53.85	71.15
21	noia-token	25	52	48.08	71.15
22	noia-token	25	52	48.08	71.15
23	noia-token	28	52	53.85	71.15
24	noia-token	28	52	53.85	71.15
25	noia-token	25	52	48.08	71.15
26	noia-token	25	52	48.08	71.15
27	noia-token	25	52	48.08	71.15
28	noia-token	25	52	48.08	71.15
29	noia-token	25	52	48.08	71.15
0	ponyBadges	20	34	58.82	29.41
1	ponyBadges	20	34	58.82	29.41
2	ponyBadges	20	34	58.82	29.41
3	ponyBadges	20	34	58.82	29.41
4	ponyBadges	17	34	50	29.41
5	ponyBadges	19	34	55.88	29.41
6	ponyBadges	21	34	61.76	29.41
7	ponyBadges	22	34	64.71	29.41
8	ponyBadges	21	34	61.76	29.41
9	ponyBadges	20	34	58.82	29.41
10	ponyBadges	20	34	58.82	29.41
11	ponyBadges	17	34	50	29.41
12	ponyBadges	20	34	58.82	29.41
13	ponyBadges	21	34	61.76	29.41
14	ponyBadges	20	34	58.82	29.41
15	ponyBadges	22	34	64.71	29.41
16	ponyBadges	21	34	61.76	29.41
17	ponyBadges	20	34	58.82	29.41
18	ponyBadges	22	34	64.71	29.41
19	ponyBadges	20	34	58.82	29.41
20	ponyBadges	20	34	58.82	29.41
21	ponyBadges	20	34	58.82	29.41
22	ponyBadges	17	34	50	29.41
23	ponyBadges	21	34	61.76	29.41
24	ponyBadges	20	34	58.82	29.41
25	ponyBadges	21	34	61.76	29.41
26	ponyBadges	19	34	55.88	29.41
27	ponyBadges	20	34	58.82	29.41
28	ponyBadges	20	34	58.82	29.41
29	ponyBadges	21	34	61.76	29.41
0	real-estate-marketplace	97	260	37.31	11.54
1	real-estate-marketplace	91	260	35	11.54
2	real-estate-marketplace	90	260	34.62	11.54
3	real-estate-marketplace	98	260	37.69	11.54
4	real-estate-marketplace	95	260	36.54	11.54
5	real-estate-marketplace	92	260	35.38	11.54
6	real-estate-marketplace	89	260	34.23	11.54
7	real-estate-marketplace	90	260	34.62	11.54
8	real-estate-marketplace	92	260	35.38	11.54
9	real-estate-marketplace	88	260	33.85	11.54
10	real-estate-marketplace	99	260	38.08	11.54
11	real-estate-marketplace	98	260	37.69	11.54
12	real-estate-marketplace	97	260	37.31	11.54
13	real-estate-marketplace	97	260	37.31	11.54
14	real-estate-marketplace	88	260	33.85	11.54
15	real-estate-marketplace	93	260	35.77	11.54
16	real-estate-marketplace	95	260	36.54	11.54
17	real-estate-marketplace	93	260	35.77	11.54
18	real-estate-marketplace	101	260	38.85	11.54
19	real-estate-marketplace	101	260	38.85	11.54
20	real-estate-marketplace	91	260	35	11.54
21	real-estate-marketplace	93	260	35.77	11.54
22	real-estate-marketplace	91	260	35	11.54
23	real-estate-marketplace	100	260	38.46	11.54
24	real-estate-marketplace	95	260	36.54	11.54
25	real-estate-marketplace	96	260	36.92	11.54
26	real-estate-marketplace	93	260	35.77	11.54
27	real-estate-marketplace	93	260	35.77	11.54
28	real-estate-marketplace	93	260	35.77	11.54
29	real-estate-marketplace	93	260	35.77	11.54
0	secretstore-acl	3	6	50	100
1	secretstore-acl	3	6	50	100
2	secretstore-acl	3	6	50	100
3	secretstore-acl	3	6	50	100
4	secretstore-acl	3	6	50	100
5	secretstore-acl	3	6	50	100
6	secretstore-acl	3	6	50	100
7	secretstore-acl	3	6	50	100
8	secretstore-acl	3	6	50	100
9	secretstore-acl	3	6	50	100
10	secretstore-acl	3	6	50	100
11	secretstore-acl	3	6	50	100
12	secretstore-acl	3	6	50	100
13	secretstore-acl	3	6	50	100
14	secretstore-acl	3	6	50	100
15	secretstore-acl	3	6	50	100
16	secretstore-acl	3	6	50	100
17	secretstore-acl	3	6	50	100
18	secretstore-acl	3	6	50	100
19	secretstore-acl	3	6	50	100
20	secretstore-acl	3	6	50	100
21	secretstore-acl	3	6	50	100
22	secretstore-acl	3	6	50	100
23	secretstore-acl	3	6	50	100
24	secretstore-acl	3	6	50	100
25	secretstore-acl	3	6	50	100
26	secretstore-acl	3	6	50	100
27	secretstore-acl	3	6	50	100
28	secretstore-acl	3	6	50	100
29	secretstore-acl	3	6	50	100
0	securities	52	166	31.33	43.98
1	securities	59	166	35.54	43.98
2	securities	47	166	28.31	43.98
3	securities	47	166	28.31	43.98
4	securities	49	166	29.52	43.98
5	securities	51	166	30.72	43.98
6	securities	47	166	28.31	43.98
7	securities	49	166	29.52	43.98
8	securities	53	166	31.93	43.98
9	securities	53	166	31.93	43.98
10	securities	51	166	30.72	43.98
11	securities	56	166	33.73	43.98
12	securities	61	166	36.75	43.98
13	securities	50	166	30.12	43.98
14	securities	46	166	27.71	43.98
15	securities	51	166	30.72	43.98
16	securities	52	166	31.33	43.98
17	securities	55	166	33.13	43.98
18	securities	48	166	28.92	43.98
19	securities	51	166	30.72	43.98
20	securities	48	166	28.92	43.98
21	securities	51	166	30.72	43.98
22	securities	60	166	36.14	43.98
23	securities	53	166	31.93	43.98
24	securities	57	166	34.34	43.98
25	securities	49	166	29.52	43.98
26	securities	50	166	30.12	43.98
27	securities	56	166	33.73	43.98
28	securities	58	166	34.94	43.98
29	securities	52	166	31.33	43.98
0	simple-shared-wallet	45	60	75	73.33
1	simple-shared-wallet	45	60	75	73.33
2	simple-shared-wallet	45	60	75	73.33
3	simple-shared-wallet	45	60	75	73.33
4	simple-shared-wallet	43	60	71.67	73.33
5	simple-shared-wallet	45	60	75	73.33
6	simple-shared-wallet	44	60	73.33	73.33
7	simple-shared-wallet	44	60	73.33	73.33
8	simple-shared-wallet	43	60	71.67	73.33
9	simple-shared-wallet	45	60	75	73.33
10	simple-shared-wallet	45	60	75	73.33
11	simple-shared-wallet	44	60	73.33	73.33
12	simple-shared-wallet	45	60	75	73.33
13	simple-shared-wallet	45	60	75	73.33
14	simple-shared-wallet	45	60	75	73.33
15	simple-shared-wallet	45	60	75	73.33
16	simple-shared-wallet	44	60	73.33	73.33
17	simple-shared-wallet	45	60	75	73.33
18	simple-shared-wallet	44	60	73.33	73.33
19	simple-shared-wallet	44	60	73.33	73.33
20	simple-shared-wallet	45	60	75	73.33
21	simple-shared-wallet	45	60	75	73.33
22	simple-shared-wallet	45	60	75	73.33
23	simple-shared-wallet	45	60	75	73.33
24	simple-shared-wallet	44	60	73.33	73.33
25	simple-shared-wallet	43	60	71.67	73.33
26	simple-shared-wallet	44	60	73.33	73.33
27	simple-shared-wallet	45	60	75	73.33
28	simple-shared-wallet	45	60	75	73.33
29	simple-shared-wallet	45	60	75	73.33
0	solidity-sigutils	6	8	75	62.6
1	solidity-sigutils	6	8	75	62.6
2	solidity-sigutils	6	8	75	62.6
3	solidity-sigutils	6	8	75	62.6
4	solidity-sigutils	6	8	75	62.6
5	solidity-sigutils	6	8	75	62.6
6	solidity-sigutils	6	8	75	62.6
7	solidity-sigutils	6	8	75	62.6
8	solidity-sigutils	6	8	75	62.6
9	solidity-sigutils	6	8	75	62.6
10	solidity-sigutils	6	8	75	62.6
11	solidity-sigutils	6	8	75	62.6
12	solidity-sigutils	6	8	75	62.6
13	solidity-sigutils	6	8	75	62.6
14	solidity-sigutils	6	8	75	62.6
15	solidity-sigutils	6	8	75	62.6
16	solidity-sigutils	6	8	75	62.6
17	solidity-sigutils	6	8	75	62.6
18	solidity-sigutils	6	8	75	62.6
19	solidity-sigutils	6	8	75	62.6
20	solidity-sigutils	6	8	75	62.6
21	solidity-sigutils	6	8	75	62.6
22	solidity-sigutils	6	8	75	62.6
23	solidity-sigutils	6	8	75	62.6
24	solidity-sigutils	6	8	75	62.6
25	solidity-sigutils	6	8	75	62.6
26	solidity-sigutils	6	8	75	62.6
27	solidity-sigutils	6	8	75	62.6
28	solidity-sigutils	6	8	75	62.6
29	solidity-sigutils	6	8	75	62.6
0	splitter	23	30	76.67	53.33
1	splitter	24	30	80	53.33
2	splitter	24	30	80	53.33
3	splitter	23	30	76.67	53.33
4	splitter	24	30	80	53.33
5	splitter	23	30	76.67	53.33
6	splitter	24	30	80	53.33
7	splitter	24	30	80	53.33
8	splitter	24	30	80	53.33
9	splitter	23	30	76.67	53.33
10	splitter	24	30	80	53.33
11	splitter	23	30	76.67	53.33
12	splitter	24	30	80	53.33
13	splitter	23	30	76.67	53.33
14	splitter	24	30	80	53.33
15	splitter	23	30	76.67	53.33
16	splitter	24	30	80	53.33
17	splitter	23	30	76.67	53.33
18	splitter	24	30	80	53.33
19	splitter	24	30	80	53.33
20	splitter	23	30	76.67	53.33
21	splitter	23	30	76.67	53.33
22	splitter	24	30	80	53.33
23	splitter	22	30	73.33	53.33
24	splitter	22	30	73.33	53.33
25	splitter	23	30	76.67	53.33
26	splitter	23	30	76.67	53.33
27	splitter	23	30	76.67	53.33
28	splitter	23	30	76.67	53.33
29	splitter	24	30	80	53.33
0	swaps	24	56	42.86	69.64
1	swaps	14	56	25	69.64
2	swaps	14	56	25	69.64
3	swaps	24	56	42.86	69.64
4	swaps	14	56	25	69.64
5	swaps	14	56	25	69.64
6	swaps	14	56	25	69.64
7	swaps	14	56	25	69.64
8	swaps	21	56	37.5	69.64
9	swaps	16	56	28.57	69.64
10	swaps	22	56	39.29	69.64
11	swaps	14	56	25	69.64
12	swaps	22	56	39.29	69.64
13	swaps	14	56	25	69.64
14	swaps	14	56	25	69.64
15	swaps	14	56	25	69.64
16	swaps	23	56	41.07	69.64
17	swaps	14	56	25	69.64
18	swaps	22	56	39.29	69.64
19	swaps	14	56	25	69.64
20	swaps	16	56	28.57	69.64
21	swaps	22	56	39.29	69.64
22	swaps	14	56	25	69.64
23	swaps	16	56	28.57	69.64
24	swaps	14	56	25	69.64
25	swaps	22	56	39.29	69.64
26	swaps	21	56	37.5	69.64
27	swaps	14	56	25	69.64
28	swaps	21	56	37.5	69.64
29	swaps	14	56	25	69.64
0	swaps2	17	92	18.48	50
1	swaps2	17	92	18.48	50
2	swaps2	17	92	18.48	50
3	swaps2	17	92	18.48	50
4	swaps2	17	92	18.48	50
5	swaps2	17	92	18.48	50
6	swaps2	17	92	18.48	50
7	swaps2	17	92	18.48	50
8	swaps2	17	92	18.48	50
9	swaps2	17	92	18.48	50
10	swaps2	17	92	18.48	50
11	swaps2	17	92	18.48	50
12	swaps2	17	92	18.48	50
13	swaps2	17	92	18.48	50
14	swaps2	17	92	18.48	50
15	swaps2	17	92	18.48	50
16	swaps2	17	92	18.48	50
17	swaps2	17	92	18.48	50
18	swaps2	17	92	18.48	50
19	swaps2	17	92	18.48	50
20	swaps2	17	92	18.48	50
21	swaps2	17	92	18.48	50
22	swaps2	17	92	18.48	50
23	swaps2	17	92	18.48	50
24	swaps2	17	92	18.48	50
25	swaps2	17	92	18.48	50
26	swaps2	17	92	18.48	50
27	swaps2	17	92	18.48	50
28	swaps2	17	92	18.48	50
29	swaps2	17	92	18.48	50
0	token	23	42	54.76	34.09
1	token	27	42	64.29	34.09
2	token	21	42	50	34.09
3	token	23	42	54.76	34.09
4	token	22	42	52.38	34.09
5	token	23	42	54.76	34.09
6	token	26	42	61.9	34.09
7	token	23	42	54.76	34.09
8	token	23	42	54.76	34.09
9	token	16	42	38.1	34.09
10	token	24	42	57.14	34.09
11	token	25	42	59.52	34.09
12	token	23	42	54.76	34.09
13	token	23	42	54.76	34.09
14	token	27	42	64.29	34.09
15	token	28	42	66.67	34.09
16	token	22	42	52.38	34.09
17	token	26	42	61.9	34.09
18	token	21	42	50	34.09
19	token	22	42	52.38	34.09
20	token	21	42	50	34.09
21	token	25	42	59.52	34.09
22	token	26	42	61.9	34.09
23	token	26	42	61.9	34.09
24	token	21	42	50	34.09
25	token	23	42	54.76	34.09
26	token	24	42	57.14	34.09
27	token	22	42	52.38	34.09
28	token	23	42	54.76	34.09
29	token	22	42	52.38	34.09
0	trickle-smart-contracts	12	26	46.15	92.31
1	trickle-smart-contracts	12	26	46.15	92.31
2	trickle-smart-contracts	12	26	46.15	92.31
3	trickle-smart-contracts	12	26	46.15	92.31
4	trickle-smart-contracts	12	26	46.15	92.31
5	trickle-smart-contracts	12	26	46.15	92.31
6	trickle-smart-contracts	12	26	46.15	92.31
7	trickle-smart-contracts	12	26	46.15	92.31
8	trickle-smart-contracts	12	26	46.15	92.31
9	trickle-smart-contracts	12	26	46.15	92.31
10	trickle-smart-contracts	12	26	46.15	92.31
11	trickle-smart-contracts	12	26	46.15	92.31
12	trickle-smart-contracts	12	26	46.15	92.31
13	trickle-smart-contracts	12	26	46.15	92.31
14	trickle-smart-contracts	12	26	46.15	92.31
15	trickle-smart-contracts	12	26	46.15	92.31
16	trickle-smart-contracts	12	26	46.15	92.31
17	trickle-smart-contracts	12	26	46.15	92.31
18	trickle-smart-contracts	12	26	46.15	92.31
19	trickle-smart-contracts	12	26	46.15	92.31
20	trickle-smart-contracts	12	26	46.15	92.31
21	trickle-smart-contracts	12	26	46.15	92.31
22	trickle-smart-contracts	12	26	46.15	92.31
23	trickle-smart-contracts	12	26	46.15	92.31
24	trickle-smart-contracts	12	26	46.15	92.31
25	trickle-smart-contracts	12	26	46.15	92.31
26	trickle-smart-contracts	12	26	46.15	92.31
27	trickle-smart-contracts	12	26	46.15	92.31
28	trickle-smart-contracts	12	26	46.15	92.31
29	trickle-smart-contracts	12	26	46.15	92.31
0	truffle	57	170	33.53	9.41
1	truffle	56	170	32.94	9.41
2	truffle	54	170	31.76	9.41
3	truffle	58	170	34.12	9.41
4	truffle	57	170	33.53	9.41
5	truffle	54	170	31.76	9.41
6	truffle	55	170	32.35	9.41
7	truffle	53	170	31.18	9.41
8	truffle	60	170	35.29	9.41
9	truffle	55	170	32.35	9.41
10	truffle	54	170	31.76	9.41
11	truffle	56	170	32.94	9.41
12	truffle	52	170	30.59	9.41
13	truffle	55	170	32.35	9.41
14	truffle	57	170	33.53	9.41
15	truffle	56	170	32.94	9.41
16	truffle	54	170	31.76	9.41
17	truffle	58	170	34.12	9.41
18	truffle	54	170	31.76	9.41
19	truffle	55	170	32.35	9.41
20	truffle	57	170	33.53	9.41
21	truffle	53	170	31.18	9.41
22	truffle	55	170	32.35	9.41
23	truffle	55	170	32.35	9.41
24	truffle	57	170	33.53	9.41
25	truffle	53	170	31.18	9.41
26	truffle	55	170	32.35	9.41
27	truffle	58	170	34.12	9.41
28	truffle	57	170	33.53	9.41
29	truffle	58	170	34.12	9.41
0	try-catch-solidity	23	26	88.46	38.46
1	try-catch-solidity	23	26	88.46	38.46
2	try-catch-solidity	23	26	88.46	38.46
3	try-catch-solidity	23	26	88.46	38.46
4	try-catch-solidity	24	26	92.31	38.46
5	try-catch-solidity	23	26	88.46	38.46
6	try-catch-solidity	23	26	88.46	38.46
7	try-catch-solidity	23	26	88.46	38.46
8	try-catch-solidity	23	26	88.46	38.46
9	try-catch-solidity	23	26	88.46	38.46
10	try-catch-solidity	23	26	88.46	38.46
11	try-catch-solidity	23	26	88.46	38.46
12	try-catch-solidity	23	26	88.46	38.46
13	try-catch-solidity	23	26	88.46	38.46
14	try-catch-solidity	23	26	88.46	38.46
15	try-catch-solidity	23	26	88.46	38.46
16	try-catch-solidity	23	26	88.46	38.46
17	try-catch-solidity	23	26	88.46	38.46
18	try-catch-solidity	23	26	88.46	38.46
19	try-catch-solidity	24	26	92.31	38.46
20	try-catch-solidity	23	26	88.46	38.46
21	try-catch-solidity	24	26	92.31	38.46
22	try-catch-solidity	23	26	88.46	38.46
23	try-catch-solidity	24	26	92.31	38.46
24	try-catch-solidity	24	26	92.31	38.46
25	try-catch-solidity	23	26	88.46	38.46
26	try-catch-solidity	23	26	88.46	38.46
27	try-catch-solidity	23	26	88.46	38.46
28	try-catch-solidity	23	26	88.46	38.46
29	try-catch-solidity	23	26	88.46	38.46
0	vvisp-klaytn-sample	22	24	91.67	20.83
1	vvisp-klaytn-sample	22	24	91.67	20.83
2	vvisp-klaytn-sample	22	24	91.67	20.83
3	vvisp-klaytn-sample	22	24	91.67	20.83
4	vvisp-klaytn-sample	22	24	91.67	20.83
5	vvisp-klaytn-sample	22	24	91.67	20.83
6	vvisp-klaytn-sample	22	24	91.67	20.83
7	vvisp-klaytn-sample	22	24	91.67	20.83
8	vvisp-klaytn-sample	22	24	91.67	20.83
9	vvisp-klaytn-sample	22	24	91.67	20.83
10	vvisp-klaytn-sample	22	24	91.67	20.83
11	vvisp-klaytn-sample	22	24	91.67	20.83
12	vvisp-klaytn-sample	22	24	91.67	20.83
13	vvisp-klaytn-sample	22	24	91.67	20.83
14	vvisp-klaytn-sample	22	24	91.67	20.83
15	vvisp-klaytn-sample	22	24	91.67	20.83
16	vvisp-klaytn-sample	22	24	91.67	20.83
17	vvisp-klaytn-sample	22	24	91.67	20.83
18	vvisp-klaytn-sample	22	24	91.67	20.83
19	vvisp-klaytn-sample	22	24	91.67	20.83
20	vvisp-klaytn-sample	22	24	91.67	20.83
21	vvisp-klaytn-sample	22	24	91.67	20.83
22	vvisp-klaytn-sample	22	24	91.67	20.83
23	vvisp-klaytn-sample	22	24	91.67	20.83
24	vvisp-klaytn-sample	22	24	91.67	20.83
25	vvisp-klaytn-sample	22	24	91.67	20.83
26	vvisp-klaytn-sample	22	24	91.67	20.83
27	vvisp-klaytn-sample	22	24	91.67	20.83
28	vvisp-klaytn-sample	22	24	91.67	20.83
29	vvisp-klaytn-sample	22	24	91.67	20.83
